Offering,Pricing Date,Price,Symbol,Deal Type,Bookrunner
Anteris Technologies Global Corp,2024-12-12,$6.00,AVR,IPO,"TD Cowen, Barclays, Cantor Fitzgerald TD Cowen"
"Amer Sports, Inc.",2024-12-04,$23.00,AS,ADD-ON,"BofA Merrill Lynch, JP Morgan Evercore ISI"
"zSpace, Inc.",2024-12-04,$5.00,ZSPC,IPO,"Roth Capital, Northland Capital Markets Roth Capital"
Brazil Potash Corp.,2024-11-26,$15.00,GRO,IPO,"Cantor Fitzgerald, Bradesco BBI Cantor Fitzgerald"
"OneStream, Inc.",2024-11-14,$31.00,OS,ADD-ON,"Morgan Stanley, Goldman Sachs, KKR KKR"
"Vera Therapeutics, Inc.",2024-10-29,$42.00,VERA,ADD-ON,"JP Morgan, Goldman Sachs, Evercore ISI, Cantor Evercore ISI"
"Septerna, Inc.",2024-10-24,$18.00,SEPN,IPO,"JP Morgan, TD Cowen, Cantor, Wells Fargo Cantor Fitzgerald"
Ingram Micro Holding Corp,2024-10-23,$22.00,INGM,IPO,"Morgan Stanley, Goldman Sachs, JP Morgan Evercore ISI"
"KinderCare Learning Companies, Inc.",2024-10-08,$24.00,KLC,IPO,"Goldman Sachs, Morgan Stanley BMO Capital Markets"
BingEx Limited,2024-10-03,$16.50,FLX,IPO,"Deutsche Bank, CICC, CLSA Deutsche Bank"
"Chain Bridge Bancorp, Inc.",2024-10-03,$22.00,CBNA,IPO,"Piper Sandler, Raymond James, Hovde Group Piper Sandler"
"The Pennant Group, Inc.",2024-10-02,$31.00,PNTG,ADD-ON,"Citigroup, Truist Securities Truist Securities"
"StandardAero, Inc.",2024-10-01,$24.00,SARO,IPO,"JP Morgan, Morgan Stanley Santander"
Wave Life Sciences Ltd.,2024-09-25,$8.00,WVE,ADD-ON,"JP Morgan, Leerink Partners Truist Securities"
BKV Corporation,2024-09-25,$18.00,BKV,IPO,"Citigroup, Barclays, Evercore ISI, Jefferies, Mizuho Evercore ISI"
"Guardian Pharmacy Services, Inc.",2024-09-25,$14.00,GRDN,IPO,"Raymond James, Stephens Inc., Truist Securities Truist Securities"
Ascendis Pharma A/S,2024-09-19,$150.00,ASND,ADD-ON,"JP Morgan, Morgan Stanley, Evercore ISI, Goldman Sachs Evercore ISI"
"Bicara Therapeutics, Inc.",2024-09-12,$18.00,BCAX,IPO,"Morgan Stanley, TD Cowen, Cantor, Stifel Cantor Fitzgerald"
"PACS Group, Inc.",2024-09-05,$36.25,PACS,ADD-ON,"Citigroup, JP Morgan, Truist Securities Truist Securities"
"Life Time Group Holdings, Inc.",2024-08-12,$21.75,LTH,ADD-ON,"Morgan Stanley, BofA Merrill Lynch, Deutsche Bank, Wells Fargo Evercore ISI"
LATAM Airlines Group S.A.,2024-07-24,$24.00,LTM,ADD-ON,"Citigroup, Santander, JP Morgan Santander"
"Concentra Group Holdings Parent, Inc.",2024-07-24,$23.50,CON,IPO,"JP Morgan, Goldman Sachs, BofA Merrill Lynch Truist Securities"
"Lineage, Inc.",2024-07-24,$78.00,LINE,IPO,"Morgan Stanley, Goldman Sachs, BofA Merrill Lynch, JP Morgan, Wells Fargo Truist Securities"
"OneStream, Inc.",2024-07-23,$20.00,OS,IPO,"Morgan Stanley, JP Morgan, KKR KKR"
"Artiva Biotherapeutics, Inc.",2024-07-18,$12.00,ARTV,IPO,"Jeffries, TD Cowen, Cantor, Wedbush PacGrow, Needham & Company Jefferies"
"Ardent Health Partners, LLC",2024-07-17,$16.00,ARDT,IPO,"JP Morgan, BofA Merrill Lynch, Morgan Stanley Truist Securities"
Alumis Inc.,2024-06-28,$16.00,ALMS,IPO,"Morgan Stanley, Leerink Partners, Cantor, Guggenheim Securities Cantor Fitzgerald"
"Abacus Life, Inc.",2024-06-20,$8.00,ABL,ADD-ON,"Piper Sandler, TD Securities, B. Riley Securities, KKR KKR"
Gauzy Ltd.,2024-06-05,$17.00,GAUZ,IPO,"Barclays, TD Cowen, Stifel, B. Riley Securities, Beech Hill Securities Barclays"
Fidelis Insurance Holdings Limited,2024-05-22,$16.00,FIHL,ADD-ON,"Barclays, JP Morgan, Goldman Sachs Evercore ISI"
"Kayne Anderson BDC, Inc.",2024-05-21,$16.63,KBDC,IPO,"Morgan Stanley, BofA Merrill Lynch, Wells Fargo, RBC Capital Markets, UBS, Stifel UBS"
Kenvue Inc.,2024-05-14,$20.00,KVUE,ADD-ON,"Goldman Sachs, JP Morgan, BofA Merrill Lynch Goldman Sachs"
ZEEKR Intelligent Technology Holding Limited,2024-05-09,$21.00,ZK,IPO,"Goldman Sachs, BofA Merrill Lynch, Morgan Stanley, CICC Santander"
"Silvaco Group, Inc.",2024-05-08,$19.00,SVCO,IPO,"Jefferies, TD Cowen Jefferies"
"Rubrik, Inc",2024-04-24,$32.00,RBRK,IPO,"Goldman Sachs, Guggenheim Securities, KeyBanc, Capital One Securities, Mizuho Securities, Barclays, Truist Securites, Cantor, Wedbush PacGrow, Citigroup, BMO Capital Markets, Deutsche Bank, CIBC, SMBC Nikko Truist Securities"
"PACS Group, Inc.",2024-04-10,$21.00,PACS,IPO,"Citigroup, JP Morgan, Truist Securites, RBC Capital Markets, Goldman Sachs, Stephens, KeyBanc, Oppenheimer & Co, Regions Securities Truist Securities"
Auna S.A.,2024-03-21,$12.00,AUNA,IPO,"Morgan Stanley, JP Morgan BTG Pactual, Santander Santander"
"Reddit, Inc.",2024-03-20,$34.00,RDDT,IPO,"Morgan Stanley, Goldman Sachs, JP Morgan, BofA Merill Lynch Morgan Stanley"
"Viking Therapeutics, Inc.",2024-02-28,$85.00,VKTX,ADD-ON,"William Blair, Raymond James Truist Securities"
"Kratos Defense & Security Solutions, Inc.",2024-02-22,$18.00,KTOS,ADD-ON,"Barid, RBC Capital Markets, Truist Securities, B. Riley Securities, Raymond James Truist Securities"
"American Healthcare REIT, Inc.",2024-02-06,$12.00,AHR,IPO,"BofA Securities, Morgan Stanley, KeyBanc, Citigroup, RBC Capital Markets, Barclays, Truist Securities Truist Securities"
"BrightSpring Health Services, Inc.",2024-01-25,$13.00,BTSG,IPO,"Goldman Sachs, KKR, Jefferies, Morgan Stanley, UBS, BofA Merrill Lynch, Guggenheim Securities, Leerink Partners KKR"
Nuveen Churchill Direct Lending Corp,2024-01-24,$18.05,NCDL,IPO,"BofA Merrill Lynch, UBS, Morgan Stanley, Wells Fargo Securities, Keefe Bruyette & Woods, JMP Securities, Truist Securities Truist Securities"
"CG Oncology, Inc.",2024-01-24,$15.00,CGON,IPO,"Morgan Stanley, Goldman Sachs, Cantor Fitzgerald Cantor Fitzgerald"
Palmer Square Capital BDC Inc.,2024-01-17,$16.45,PSBD,IPO,"JP Morgan, BofA Merrill Lynch, RBC Capital Markets, UBS Investment Bank, Citigroup JP Morgan"
ZKH Group,2023-12-14,$15.50,ZKH,IPO,"Deutsche Bank, China Renaissance, CICC Deutsche Bank"
EyePoint Pharmaceuticals,2023-12-05,$17.00,EYPT,ADD-ON,"JP Morgan, TD Cowen, Guggenheim Securities JP Morgan"
Shimmick Corporation,2023-11-13,$7.00,SHIM,IPO,Roth Capital Roth Capital
Cargo Therapeutics,2023-11-09,$15.00,CRGX,IPO,"JP Morgan, Jefferies, TD Cowen, Truist Securities Truist Securities"
Mach Natural Resources,2023-10-24,$19.00,MNR,IPO,"Stifel, Raymond James Stifel, Nicolaus & Company"
Adlai Nortye,2023-09-28,$23.00,ANL,IPO,Cantor Fitzgerald Cantor Fitzgerald
Klaviyo,2023-09-19,$30.00,KVYO,IPO,"Goldman Sachs, Morgan Stanley, Citigroup Truist Securities"
RayzeBio,2023-09-14,$18.00,RYZB,IPO,"JP Morgan, Jefferies, Evercore ISI, Truist Securities Truist Securities"
QuantumScape,2023-08-03,$8.00,QS,IPO,"Evercore ISI, Morgan Stanley Evercore ISI"
Apogee Therapeutics,2023-07-13,$17.00,APGE,IPO,"Jefferies, TD Cowen, Stifel, Guggenheim Securities, Wedbush PacGrow Jefferies"
Kodiak Gas Services,2023-06-28,$16.00,KGS,IPO,"Goldman Sachs, JP Morgan Truist Securities"
Savers Value Village,2023-06-28,$18.00,SVV,IPO,"JP Morgan, Jefferies, Goldman Sachs, UBS KKR"
Hannon Armstrong Sustainable Infrastructure Capital,2023-05-24,$23.00,HASI,ADD-ON,"JP Morgan, BofA Merrill Lynch, Goldman Sachs Truist Securities"
Gates Industrial,2023-05-17,$11.75,GTES,ADD-ON,"Citigroup, Evercore ISI, Goldman Sachs Citigroup"
Enlight Renewable Energy,2023-02-09,$18.00,ENLT,IPO,"JP Morgan, BofA Merrill Lynch, Barclays Credit Suisse"
Mineralys Therapeutics,2023-02-09,$16.00,MLYS,IPO,"BofA Merrill Lynch, Evercore ISI, Stifel, Credit Suisse, Guggenheim Securities, Wells Fargo Credit Suisse"
Hesai Group,2023-02-08,$19.00,HSAI,IPO,"Goldman Sachs, Morgan Stanley, Credit Suisse Credit Suisse"
Nextracker,2023-02-08,$24.00,NXT,IPO,"JP Morgan, BofA Merrill Lynch Truist Securities"
Structure Therapeuticst,2023-02-02,$15.00,GPCR,IPO,"Jefferies, SVB Leerink, Guggenheim Securities, BMO Capital Markets Jefferies"
Skyward Specialty Insurance Group,2023-01-12,$15.00,SKWD,IPO,"Barclays, Keefe Bruyette & Woods, Piper Sandler, JMP Securities, Truist Securities, Raymond James Truist Securities"
Biote,2023-01-04,$3.00,BTMD,ADD-ON,"Truist Securities, Cowen and Company, Roth Capital Truist Securities"
Prothena Corporation,2022-12-14,$56.50,PRTA,ADD-ON,"Jefferies, Evercore ISI, Cantor Fitzgerald Jefferies"
Laureate Education,2022-11-17,$9.75,LAUR,ADD-ON,"Goldman Sachs, BTIG BMO Capital Markets"
Privia Health Group,2022-11-16,$23.50,PRVA,ADD-ON,"Goldman Sachs, Credit Suisse, William Blair, Jefferies Credit Suisse"
Alight,2022-11-14,$7.75,ALIT,ADD-ON,"JP Morgan, Credit Suisse Credit Suisse"
Acrivon Therapeutics,2022-11-14,$12.50,ACRV,IPO,"Morgan Stanley, Jefferies, Cowen and Company, Piper Sandler Jefferies"
Crescent Energy,2022-09-08,$15.00,CRGY,ADD-ON,"Credit Suisse, KKR, Wells Fargo, JP Morgan Credit Suisse"
Bloom Energy,2022-08-16,$26.00,BE,ADD-ON,"JP Morgan, Morgan Stanley, BofA Merrill Lynch Credit Suisse"
Sovos Brands,2022-08-10,$14.00,SOVO,ADD-ON,"JP Morgan, Goldman Sachs, BofA Merrill Lynch, Credit Suisse Credit Suisse"
Ivanhoe Electric,2022-06-27,$11.75,IE,IPO,"BMO Capital Markets, Jefferies, JP Morgan BMO Capital Markets"
Concert Pharmaceuticals,2022-06-01,$4.75,CNCE,ADD-ON,"Jefferies, Truist Securities Truist"
Bausch & Lomb,2022-05-05,$18.00,BLCO,IPO,"Morgan Stanley, Goldman Sachs Truist"
AN2 Therapeutics,2022-03-24,$15.00,ANTX,IPO,"Cowen and Company, SVB Leerink, Evercore ISI, Oppenheimer & Co Cowen and Company"
Core & Main,2022-01-05,$26.00,CNM,ADD-ON,"Goldman Sachs, Credit Suisse, JP Morgan Credit Suisse"
Ecovyst,2021-11-18,$9.50,ECVT,ADD-ON,"Citigroup, Deutsche Bank, Credit Suisse Credit Suisse"
Privia Health Group,2021-11-18,$29.00,PRVA,ADD-ON,"Goldman Sachs, JP Morgan Credit Suisse"
AG Mortgage Investment Trust,2021-11-17,$10.25,MITT,ADD-ON,"Credit Suisse, Citigroup Credit Suisse"
Definitive Healthcare,2021-11-17,$36.00,DH,ADD-ON,"Goldman Sachs, JP Morgan Credit Suisse"
Postal Realty Trust,2021-11-16,$17.00,PSTL,ADD-ON,"JP Morgan, Stifel Truist Securities"
Mynaric,2021-11-11,$16.50,MYNA,IPO,"Credit Suisse, Jefferies Credit Suisse"
Backblaze,2021-11-10,$16.00,BLZE,IPO,"Oppenheimer & Co, William Blair Oppenheimer & Co"
Diversey Holdings,2021-11-10,$15.00,DSEY,ADD-ON,"Citigroup, Morgan Stanley, Credit Suisse, BofA Merrill Lynch, Barclays, Goldman Sachs, Jefferies, RBC Capital Markets, UBS, Baird Credit Suisse"
First Advantage,2021-11-10,$20.00,FA,ADD-ON,"Barclays, BofA Merrill Lynch, Citigroup, Evercore ISI, RBC Capital Markets, Stifel, HSBC, KKR KKR"
KnowBe4,2021-11-10,$25.75,KNBE,ADD-ON,"Morgan Stanley, Goldman Sachs, BofA Merrill Lynch, KKR KKR"
SiTime Corporation,2021-11-09,$225.00,SITM,ADD-ON,"Barclays, Credit Suisse, Stifel Credit Suisse"
Hertz Global Holdings,2021-11-08,$29.00,HTZ,IPO,"Goldman Sachs, JP Morgan, Morgan Stanley Guggenheim Securities"
Qualtrics International,2021-11-04,$42.00,XM,ADD-ON,"Goldman Sachs, HSBC Truist Securities"
Real Good Food Company,2021-11-04,$12.00,RGF,IPO,"Jefferies, William Blair, Truist Securities Jefferies"
MDxHealth,2021-11-03,$12.00,MDXH,IPO,"Piper Sandler, Oppenheimer & Co Piper Sandler"
Aura Biosciences,2021-10-28,$14.00,AURA,IPO,"Cowen and Company, SVB Leerink, Evercore ISI Cowen and Company"
Fluence Energy,2021-10-28,$28.00,FLNC,IPO,"JP Morgan, Morgan Stanley Credit Suisse"
HireRight Holdings,2021-10-28,$19.00,HRT,IPO,"Credit Suisse, Goldman Sachs Credit Suisse"
GLOBALFOUNDRIES,2021-10-27,$47.00,GFS,IPO,"Morgan Stanley, JP Morgan, BofA Merrill Lynch, Credit Suisse, Citigroup Credit Suisse"
Solo Brands,2021-10-27,$17.00,DTC,IPO,"BofA Merrill Lynch, JP Morgan, Jefferies, Citigroup, Credit Suisse, Piper Sandler, William Blair Credit Suisse"
Arteris,2021-10-26,$14.00,AIP,IPO,"Jefferies, Cowen and Company, BMO Capital Markets Credit Suisse"
Informatica,2021-10-26,$29.00,INFA,IPO,"Goldman Sachs, JP Morgan Credit Suisse"
Rent the Runway,2021-10-26,$21.00,RENT,IPO,"Goldman Sachs, Morgan Stanley, Barclays Credit Suisse"
Enfusion,2021-10-20,$17.00,ENFN,IPO,"Morgan Stanley, Goldman Sachs Credit Suisse"
The Vita Coco Company,2021-10-20,$15.00,COCO,IPO,"Goldman Sachs, BofA Merrill Lynch, Credit Suisse, Evercore ISI Credit Suisse"
Ventyx Biosciences,2021-10-20,$16.00,VTYX,IPO,"Jefferies, Evercore ISI, Piper Sandler Jefferies"
Duckhorn Portfolio,2021-10-14,$20.50,NAPA,ADD-ON,"JP Morgan, Credit Suisse, Jefferies Credit Suisse"
MiNK Therapeutics,2021-10-14,$12.00,INKT,IPO,"Evercore ISI, William Blair Evercore ISI"
Lucid Diagnostics,2021-10-13,$14.00,LUCD,IPO,"Cantor Fitzgerald, Canaccord Genuity Cantor Fitzgerald"
Sarepta Therapeutics,2021-10-13,$81.00,SRPT,ADD-ON,"Goldman Sachs, JP Morgan, Morgan Stanley, Credit Suisse Credit Suisse"
AvidXchange,2021-10-12,$25.00,AVDX,IPO,"Goldman Sachs, JP Morgan, BofA Merrill Lynch, Barclays, Credit Suisse, KeyBanc Capital Markets, Deutsche Bank, Piper Sandler Credit Suisse"
Pyxis Oncology,2021-10-07,$16.00,PYXS,IPO,"BofA Merrill Lynch, Jefferies, Credit Suisse, William Blair Credit Suisse"
Theseus Pharmaceuticals,2021-10-06,$16.00,THRX,IPO,"Jefferies, SVB Leerink, Cantor Fitzgerald Jefferies"
Nuvei Corporation,2021-10-05,$123.14,NVEI,IPO,"Goldman Sachs, Credit Suisse, JP Morgan Credit Suisse"
TDCX,2021-09-30,$18.00,TDCX,IPO,"Goldman Sachs, Credit Suisse Credit Suisse"
Clearwater Analytics Holdings,2021-09-23,$18.00,CWAN,IPO,"Goldman Sachs, JP Morgan, Morgan Stanley, Credit Suisse, RBC Capital Markets, Wells Fargo, Oppenheimer & Co, Piper Sandler, William Blair Credit Suisse"
Argo Blockchain,2021-09-22,$15.00,ARBK,IPO,"Jefferies, Barclays Jefferies"
Brilliant Earth Group,2021-09-22,$12.00,BRLT,IPO,"JP Morgan, Credit Suisse, Jefferies, Cowan and Company Credit Suisse"
Sovos Brands,2021-09-22,$12.00,SOVO,IPO,"JP Morgan, Goldman Sachs, BofA Merrill Lynch Credit Suisse"
a.k.a. Brands Holding Corp,2021-09-21,$11.00,AKA,IPO,"BofA Merrill Lynch, Credit Suisse, Jefferies Credit Suisse"
Enact Holdings,2021-09-15,$19.00,ACT,IPO,"Goldman Sachs, JP Morgan Credit Suisse"
FIGS,2021-09-15,$40.25,FIGS,ADD-ON,"Goldman Sachs, Morgan Stanley, Barclays, Credit Suisse Credit Suisse"
Academy Sports and Outdoors,2021-09-14,$44.75,ASO,ADD-ON,"Credit Suisse, BofA Merrill Lynch Credit Suisse"
Definitive Healthcare,2021-09-14,$27.00,DH,IPO,"Goldman Sachs, JP Morgan Credit Suisse"
On Holdings,2021-09-14,$24.00,ONON,IPO,"Goldman Sachs, Morgan Stanley, JP Morgan Credit Suisse"
Thoughtworks Holding,2021-09-14,$21.00,TWKS,IPO,"Goldman Sachs, JP Morgan Credit Suisse"
Maravai LifeSciences,2021-09-09,$50.00,MRVI,ADD-ON,"Morgan Stanley, Jefferies, Goldman Sachs Credit Suisse"
Certara,2021-09-08,$31.00,CERT,ADD-ON,"Jefferies, Morgan Stanley, BofA Merrill Lynch Credit Suisse"
Gates Industrial Corporation,2021-08-11,$16.00,GTES,ADD-ON,"Citigroup, Evercore ISI Credit Suisse"
KnowBe4,2021-08-11,$20.75,KNBE,ADD-ON,"Morgan Stanley, Goldman Sachs, BofA Merrill Lynch, KKR KKR"
Southern States Bancshares,2021-08-11,$19.00,SSBK,IPO,"Keefe Bruyette & Woods, Truist Securities Truist Securities"
Eliem Therapeutics,2021-08-09,$12.50,ELYM,IPO,"SVB Leerink, Evercore ISI, Stifel, Guggenheim Securities SVB Leerink"
Driven Brands Holdings,2021-08-04,$29.50,DRVN,ADD-ON,"Morgan Stanley, BofA Merrill Lynch, Goldman Sachs, JP Morgan, Barclays Credit Suisse"
European Wax Center,2021-08-04,$17.00,EWCZ,IPO,"Morgan Stanley, BofA Merrill Lynch, Jefferies, Citigroup, Guggenheim Securities, Truist Securities, Baird Truist Securities"
Weber,2021-08-04,$14.00,WEBR,IPO,"Goldman Sachs, BofA Merrill Lynch, JP Morgan, BMO Capital Markets, Citigroup, UBS, Wells Fargo, KeyBanc Capital Markets KeyBanc Capital Markets"
Traeger,2021-07-29,$18.00,COOK,IPO,"Morgan Stanley, Jeffries, Baird, William Blair Credit Suisse"
Icosavax,2021-07-28,$15.00,ICVX,IPO,"Jeffries, Cowen and Company, Evercore ISI, William Blair Jefferies"
Rallybio Corporation,2021-07-28,$13.00,RLYB,IPO,"Jeffries, Cowen and Company, Evercore ISI Jefferies"
Riskified,2021-07-28,$21.00,RSKD,IPO,"Goldman Sachs, JP Morgan, Credit Suisse Credit Suisse"
Independence Realty Trust,2021-07-27,$17.75,IRT,ADD-ON,"Barclays, BMO Capital Markets, Citigroup Truist Securities"
MeridianLink,2021-07-27,$26.00,MLNK,IPO,"BofA Merrill Lynch, Credit Suisse, Barclays Credit Suisse"
PowerSchool Holdings,2021-07-27,$18.00,PWSC,IPO,"Goldman Sachs, Barclays, Credit Suisse, UBS Credit Suisse"
Candel Therapeutics,2021-07-26,$8.00,CADL,IPO,"Jeffries, Credit Suisse, BMO Capital Markets, UBS Credit Suisse"
Core & Main,2021-07-22,$20.00,CNM,IPO,"Goldman Sachs, Credit Suisse, JP Morgan Credit Suisse"
Gambling.com Group,2021-07-22,$8.00,GAMB,IPO,"Jeffries, Stifel, Truist Securities Truist Securities"
Sophia Genetics,2021-07-22,$18.00,SOPH,IPO,"JP Morgan, Morgan Stanley, Cowen and Company, Credit Suisse Credit Suisse"
AbSci Corp,2021-07-21,$16.00,ABSI,IPO,"JP Morgan, Credit Suisse, BofA Merrill Lynch, Cowen and Company, Stifel Credit Suisse"
Paycor HCM,2021-07-20,$23.00,PYCR,IPO,"Goldman Sachs, JP Morgan Credit Suisse"
Blend Labs,2021-07-15,$18.00,BLND,IPO,"Goldman Sachs, Allen & Company LLC, Wells Fargo Truist Securities"
Stevanato Group,2021-07-15,$21.00,STVN,IPO,"Morgan Stanley, BofA Merrill Lynch, Jeffries KeyBanc Capital Markets"
Phillips Edison & Company,2021-07-14,$28.00,PECO,IPO,"Morgan Stanley, BofA Merrill Lynch, JP Morgan, BMO Capital Markets, Goldman Sachs, KeyBanc Capital Markets, Mizuho Securities, Wells Fargo KeyBanc Capital Markets"
EverCommerce Inc,2021-06-30,$17.00,EVCM,IPO,"Goldman Sachs, JP Morgan, RBC Capital Markets, KKR KKR"
Krispy Kreme,2021-06-30,$17.00,DNUT,IPO,"JP Morgan, Morgan Stanley, Citigroup, BofA Merrill Lynch Truist Securities"
Aerovate Therapeutics,2021-06-29,$14.00,AVTE,IPO,"Jeffries, Cowen and Company, Evercore ISI Jeffries"
Intapp,2021-06-29,$26.00,INTA,IPO,"JP Morgan, BofA Merrill Lynch, Credit Suisse Credit Suisse"
LegalZoom,2021-06-29,$28.00,LZ,IPO,"JP Morgan, Morgan Stanley, Barclays Credit Suisse"
Confluent,2021-06-23,$36.00,CFLT,IPO,"Morgan Stanley, JP Morgan, Goldman Sachs, Citigroup, BofA Merrill Lynch, Credit Suisse, Barclays, Deutsche Bank, UBS, Wells Fargo Credit Suisse"
Codex DNA,2021-06-17,$16.00,DNAY,IPO,"Jeffries, Cowen and Company, KeyBanc Capital Markets KeyBanc Capital Markets"
Nouveau Monde Graphite,2021-06-17,$7.50,NMG,ADD-ON,"Evercore ISI, BMO Capital Markets Evercore ISI"
WalkMe,2021-06-15,$31.00,WKME,IPO,"Morgan Stanley, Goldman Sachs, Citigroup Morgan Stanley"
Livent Corporation,2021-06-10,$17.50,LTHM,ADD-ON,"Goldman Sachs, JP Morgan Credit Suisse"
Genius Sports Limited,2021-06-09,$19.00,GENI,ADD-ON,Goldman Sachs Credit Suisse
PLBY Group,2021-06-09,$46.00,PLBY,ADD-ON,"Canaccord Genuity, Stifel Canaccord Genuity"
Zeta Global Holdings,2021-06-09,$10.00,ZETA,IPO,"Morgan Stanley, BofA Merrill Lynch, Credit Suisse, Barclays Credit Suisse"
Zhangmen Education,2021-06-08,$11.50,ZME,IPO,"Morgan Stanley, Credit Suisse Credit Suisse"
ZIM Integrated Shipping Services,2021-06-03,$40.00,ZIM,ADD-ON,"Citigroup, Goldman Sachs, Barclays Citigroup"
The AZEK Company,2021-05-26,$43.50,AZEK,ADD-ON,"Barclays, BofA Merrill Lynch, Goldman Sachs, Jeffries Credit Suisse"
FIGS,2021-05-26,$22.00,FIGS,IPO,"Goldman Sachs, Morgan Stanley Credit Suisse"
PETCO HEALTH AND WELLNESS,2021-05-26,$24.00,WOOF,ADD-ON,"Goldman Sachs, BofA Merrill Lynch Credit Suisse"
SOC Telemed,2021-05-26,$6.00,TLMD,ADD-ON,"Credit Suisse, William Blair, Guggenheim Securities Credit Suisse"
Oatly Group,2021-05-19,$17.00,OTLY,IPO,"Morgan Stanley, JP Morgan, Credit Suisse Credit Suisse"
Vera Therapeutics,2021-05-13,$11.00,VERA,IPO,"Jeffries, Cowen and Company, Evercore ISI Jeffries"
Academy Sports and Outdoors,2021-05-05,$32.00,ASO,ADD-ON,"Credit Suisse, JP Morgan, KKR, BofA Merrill Lynch KKR"
DMC Global,2021-05-04,$45.00,BOOM,ADD-ON,KeyBanc Capital Markets KeyBanc Capital Markets
Werewolf Therapeutics,2021-04-29,$16.00,HOWL,IPO,"Jeffries, SVB Leerink, Evercore ISI Jeffries"
Aveanna Healthcare Holdings,2021-04-28,$12.00,AVAH,IPO,"Barclays, JP Morgan, BMO Capital Markets, Credit Suisse Credit Suisse"
Endeavor Group Holdings,2021-04-28,$24.00,EDR,IPO,"Morgan Stanley, Goldman Sachs, JP Morgan, Deutsche Bank Credit Suisse"
PQ Group Holdings,2021-04-28,$14.00,PQG,ADD-ON,"Citigroup, Deutsche Bank, Credit Suisse Credit Suisse"
Privia Health Group,2021-04-28,$23.00,PRVA,IPO,"Goldman Sachs, JP Morgan Credit Suisse"
FTC Solar,2021-04-27,$13.00,FTCI,IPO,"Barclays, BofA Merrill Lynch, Credit Suisse, UBS Credit Suisse"
Impel NeuroPharma,2021-04-22,$15.00,IMPL,IPO,"Cowen and Company, Guggenheim Securities Cowen and Company, Truist Securities"
KnowBe4,2021-04-21,$16.00,KNBE,IPO,"Morgan Stanley, Goldman Sachs, BofA Merrill Lynch, KKR KKR, Truist Securities"
SkyWater Technology,2021-04-20,$14.00,SKYT,IPO,"Jeffries, Cowen and Company Jeffries"
Uipath,2021-04-20,$56.00,PATH,IPO,"Morgan Stanley, JP Morgan Credit Suisse, Truist Securities"
TuSimple,2021-04-15,$40.00,TSP,IPO,"Morgan Stanley, Citigroup, JP Morgan Credit Suisse"
Applovin,2021-04-14,$80.00,APP,IPO,"Morgan Stanley, JP Morgan, KKR, BofA Merrill Lynch, Citigroup, Credit Suisse, UBS Credit Suisse, KKR, Truist Securities"
Reneo Pharmaceuticals,2021-04-08,$15.00,RPHM,IPO,"Jeffries, SVB Leerink, Piper Sandler Jeffries"
NetSTREIT,2021-04-07,$18.65,NTST,ADD-ON,"Wells Fargo, BofA Merrill Lynch, Jeffries, Stifel Truist Securities"
Humanigen,2021-03-30,$18.50,HGEN,ADD-ON,"Jeffries, Credit Suisse, Cantor Fitzgerald Credit Suisse"
Ikena Oncology,2021-03-25,$16.00,IKNA,IPO,"Jeffries, Cowen and Company, Credit Suisse, William Blair Credit Suisse"
Zhihu,2021-03-25,$9.50,ZH,IPO,"Credit Suisse, Goldman Sachs, JP Morgan Credit Suisse"
Diversey Holdings,2021-03-24,$15.00,DSEY,IPO,"Citigroup, Morgan Stanley, Barclays, JP Morgan Credit Suisse"
Array Technologies,2021-03-18,$28.00,ARRY,ADD-ON,"Goldman Sachs, JP Morgan, Guggenheim Securities Credit Suisse"
MediaAlpha,2021-03-18,$46.00,MAX,ADD-ON,"JP Morgan, Citigroup, Credit Suisse, RBC Capital Markets Credit Suisse"
Duckhorn Portfolio,2021-03-17,$15.00,NAPA,IPO,"JP Morgan, Credit Suisse Credit Suisse"
Paya Holdings,2021-03-17,$12.25,PAYA,ADD-ON,"Morgan Stanley, Credit Suisse Credit Suisse"
Sotera Health Company,2021-03-17,$27.00,SHC,ADD-ON,"JP Morgan, Credit Suisse, Goldman Sachs, Jeffries Credit Suisse"
Vine Energy,2021-03-17,$14.00,VEI,IPO,"Citigroup, Credit Suisse, Morgan Stanley Credit Suisse"
Hayward Holdings,2021-03-11,$17.00,HAYW,IPO,"BofA Merrill Lynch, Goldman Sachs, Nomura Credit Suisse"
Joann,2021-03-11,$12.00,JOAN,IPO,"BofA Merrill Lynch, Credit Suisse Credit Suisse"
Prometheus Biosciences,2021-03-11,$19.00,RXDX,IPO,"SVB Leerink, Credit Suisse, Stifel, Guggenheim Securities Credit Suisse"
Cactus,2021-03-09,$31.50,WHD,ADD-ON,"Citigroup, Credit Suisse Credit Suisse"
SelectQuote,2021-03-03,$27.50,SLQT,ADD-ON,"Credit Suisse, Morgan Stanley Credit Suisse"
Oscar Health,2021-03-02,$39.00,OSCR,IPO,"Goldman Sachs, Morgan Stanley, Allen & Company LLC, Wells Fargo Credit Suisse"
Gates Industrial Corporation,2021-02-25,$15.00,GTES,ADD-ON,"Citigroup, Evercore ISI Citigroup"
Score Media and Gaming,2021-02-24,$27.00,SCR,IPO,"Morgan Stanley, Credit Suisse, Canaccord Genuity, Macquarie Capital Credit Suisse"
Freshpet,2021-02-23,$143.00,FRPT,ADD-ON,"BofA Merrill Lynch, Baird, Truist Securities Truist Securities"
Sitime Corporation,2021-02-17,$127.00,SITM,ADD-ON,"Barclays, Credit Suisse, Stifel Credit Suisse"
loanDepot,2021-02-11,$14.00,LDI,IPO,"Goldman Sachs, BofA Merrill Lynch, Credit Suisse, Morgan Stanley Credit Suisse"
Allegro Microsystems,2021-02-04,$30.30,ALGM,ADD-ON,"Barclays, Credit Suisse, Wells Fargo Credit Suisse"
Atotech,2021-02-03,$17.00,ATC,IPO,"Credit Suisse, Citigroup Credit Suisse"
Arcutis Biotherapeutics,2021-02-02,$35.00,ARQT,ADD-ON,"Morgan Stanley, Cowen and Company, Guggenheim Securities Truist Securities"
TELUS International,2021-02-02,$25.00,TIXT,IPO,"JP Morgan, Morgan Stanley Credit Suisse"
Home Point Capital,2021-01-29,$13.00,HMPT,IPO,"Goldman Sachs, Wells Fargo, Morgan Stanley, UBS Credit Suisse"
Academy Sports and Outdoors,2021-01-27,$21.50,ASO,ADD-ON,"Credit Suisse, JP Morgan, KKR, BofA Merrill Lynch KKR, CS"
Ortho Clinical Diagnostics,2021-01-27,$17.00,OCDX,IPO,"JP Morgan, BofA Merrill Lynch, Goldman Sachs, Barclays, Morgan Stanley, Citigroup, Credit Suisse, UBS, Evercore ISI, Piper Sandler Credit Suisse"
Vinci Partners Investments,2021-01-27,$18.00,VINP,IPO,"JP Morgan, Goldman Sachs, BTP Pactual, Credit Suisse, Itau BBA, BofA Merrill Lynch, UBS Credit Suisse"
ZIM Integrated Shipping Services,2021-01-27,$15.00,ZIM,IPO,"Citigroup, Goldman Sachs, Barclays, Credit Suisse, Jeffries, Clarksons Platou Securities Credit Suisse"
Shoals Technologies Group,2021-01-26,$25.00,SHLS,IPO,"Goldman Sachs, JP Morgan, Guggenheim Securities, UBS Credit Suisse"
The AZEK Company,2021-01-21,$40.00,AZEK,ADD-ON,"Barclays, BofA Merrill Lynch, Goldman Sachs, Jeffries Credit Suisse"
Corsair Gaming,2021-01-21,$35.00,CRSR,ADD-ON,"Goldman Sachs, Barclays, Credit Suisse Credit Suisse"
Patria Investments Limited,2021-01-21,$17.00,PAX,IPO,"JP Morgan, BofA Merrill Lynch, Credit Suisse Credit Suisse"
MyTheresa,2021-01-20,$26.00,MYTE,IPO,"Morgan Stanley, JP Morgan, Credit Suisse, UBS Credit Suisse"
Editas Medicine,2021-01-20,$66.00,EDIT,ADD-ON,"JP Morgan, Morgan Stanley, Cowen and Company, Credit Suisse Credit Suisse"
American Well,2021-01-14,$27.50,AMWL,ADD-ON,"Morgan Stanley, Goldman Sachs, Piper Sandler, UBS Credit Suisse"
Driven Brands Holdings,2021-01-14,$22.00,DRVN,IPO,"Morgan Stanley, BofA Merrill Lynch, Goldman Sachs, JP Morgan, Barclays Credit Suisse"
Playtika Holding Corporation,2021-01-14,$27.00,PLTK,IPO,"Credit Suisse, Morgan Stanley Credit Suisse"
PETCO HEALTH AND WELLNESS,2021-01-13,$18.00,WOOF,IPO,"Goldman Sachs, BofA Merrill Lynch, Citigroup, Evercore ISI, Credit Suisse, UBS, Wells Fargo, Baird, Guggenheim Securities Credit Suisse"
Repay Holdings Corporation,2021-01-13,$24.00,RPAY,ADD-ON,"Credit Suisse, Barclays Credit Suisse"
Vontier Corporation,2021-01-13,$33.50,VNT,ADD-ON,"Goldman Sachs, Citigroup, Evercore ISI Credit Suisse"
Motorsport Gaming,2021-01-12,$20.00,MSGM,IPO,"Canaccord Genuity, The Benchmark Company Canaccord Genuity"
AdaptHealth,2021-01-05,$33.00,AHCO,ADD-ON,"Deutsche Bank, Jeffries Truist Securities"
BioAtla,2020-12-15,$18.00,BCAB,IPO,"JP Morgan, Jeffries, Credit Suisse Credit Suisse"
ContextLogic,2020-12-15,$24.00,WISH,IPO,"Goldman Sachs, JP Morgan, BofA Merrill Lynch Credit Suisse"
Airbnb,2020-12-10,$68.00,ABNB,IPO,"Morgan Stanley, Goldman Sachs, Allen & Company LLC, BofA Merrill Lynch, Barclays, Citigroup, Credit Suisse, BNP Paribas, Mizuho Securities, Deutsche Bank, Jeffries, Wells Fargo Credit Suisse"
Certara,2020-12-10,$23.00,CERT,IPO,"Jeffries, Morgan Stanley, BofA Merrill Lynch, Credit Suisse, Barclays, William Blair Credit Suisse"
Forma Therapeutics,2020-12-10,$45.25,FMTX,ADD-ON,"JP Morgan, Morgan Stanley Credit Suisse"
ALX Oncology Holdings,2020-12-09,$76.00,ALXO,ADD-ON,"Jeffries, Credit Suisse, Piper Sandler Credit Suisse"
Atara Biotherapeutics,2020-12-08,$24.50,ATRA,ADD-ON,"Citigroup, Evercore ISI, Mizuho Securities Citigroup"
Kura Oncology,2020-12-08,$37.00,KURA,ADD-ON,"SVB Leerink, Credit Suisse, Barclays, Stifel Credit Suisse"
XPeng,2020-12-08,$45.00,XPEV,ADD-ON,"Credit Suisse, JP Morgan, BofA Merrill Lynch, Citigroup Credit Suisse"
Array Technologies,2020-12-02,$35.00,ARRY,ADD-ON,"Goldman Sachs, JP Morgan, Guggenheim Securities Credit Suisse"
Shift4 Payments,2020-12-02,$55.50,FOUR,ADD-ON,"Goldman Sachs, Credit Suisse, Citigroup Credit Suisse"
ZoomInfo Technologies,2020-12-01,$45.00,ZI,ADD-ON,"JP Morgan, Morgan Stanley Credit Suisse"
Elanco Animal Health,2020-11-30,$30.25,ELAN,ADD-ON,"BofA Merrill Lynch, Goldman Sachs Credit Suisse"
Maravai Life Sciences,2020-11-19,$27.00,MRVI,IPO,"Morgan Stanley, Jeffries, Goldman Sachs Credit Suisse"
Sotera Health,2020-11-19,$23.00,SHC,IPO,"JP Morgan, Credit Suisse, Goldman Sachs, Jeffries Credit Suisse"
Stoke Therapeutics,2020-11-19,$39.00,STOK,ADD-ON,"JP Morgan, Cowen and Company, Credit Suisse Credit Suisse"
NeoGames,2020-11-18,$17.00,NGMS,IPO,Stifel Truist Securities
Simon Property Group,2020-11-18,$72.50,SPG,ADD-ON,"BofA Merrill Lynch, Citigroup Truist Securities"
Resideo Technologies,2020-11-17,$15.00,REZI,ADD-ON,"Morgan Stanley, Evercore ISI, JP Morgan, BofA Merrill Lynch, KeyBanc Capital Markets KeyBanc Capital Markets"
Allegro MicroSystems,2020-10-28,$14.00,ALGM,IPO,"Barclays, Credit Suisse, Wells Fargo Credit Suisse"
Galecto,2020-10-28,$15.00,GLTO,IPO,"BofA Merrill Lynch, SVB Leerink, Credit Suisse Credit Suisse"
Leslieâ€™s,2020-10-28,$17.00,LESL,IPO,"Goldman Sachs, Morgan Stanley, BofA Merrill Lynch Guggenheim Securities"
Scholar Rock Holding,2020-10-28,$39.00,SRRK,ADD-ON,"JP Morgan, Jeffries, Credit Suisse Credit Suisse"
MediaAlpha,2020-10-27,$19.00,MAX,IPO,"JP Morgan, Citigroup, Credit Suisse, RBC Capital Markets Credit Suisse"
Root,2020-10-27,$27.00,ROOT,IPO,"Goldman Sachs, Morgan Stanley, Barclays, Wells Fargo Credit Suisse"
Turning Point Therapeutics,2020-10-26,$87.00,TPTX,ADD-ON,"Goldman Sachs, SVB Leerink, Guggenheim Securities Guggenheim Securities"
Accolade,2020-10-21,$38.50,ACCD,ADD-ON,"Goldman Sachs, Morgan Stanley, BofA Merrill Lynch, Piper Sandler, Credit Suisse, William Blair Credit Suisse"
Datto Holding,2020-10-21,$27.00,MSP,IPO,"Morgan Stanley, BofA Merrill Lynch, Barclays, Credit Suisse Credit Suisse"
Praxis Precision Medicines,2020-10-15,$19.00,PRAX,IPO,"Cowen and Company, Evercore ISI, Piper Sandler Cowen and Company"
Array Technologies,2020-10-14,$22.00,ARRY,IPO,"Goldman Sachs, JP Morgan, Guggenheim Securities Credit Suisse"
Americold Realty Trust,2020-10-13,$38.00,COLD,ADD-ON,"Citigroup, BofA Merrill Lynch, Goldman Sachs Truist Securities"
iHuman,2020-10-08,$12.00,IH,IPO,"Credit Suisse, Citigroup Credit Suisse"
Spruce Biosciences,2020-10-08,$15.00,SPRB,IPO,"Cowan and Company, SVB Leerink, Credit Suisse, RBC Capital Markets Credit Suisse"
fuboTV,2020-10-07,$10.00,FUBO,ADD-ON,Evercore ISI Evercore ISI
nCino,2020-10-07,$72.00,NCNO,ADD-ON,"BofA Merrill Lynch, Barclays, KeyBanc Capital Markets, Truist Securities Truist Securities"
DraftKings,2020-10-06,$52.00,DKNG,ADD-ON,"Credit Suisse, Goldman Sachs Credit Suisse"
Academy Sports & Outdoors,2020-10-01,$13.00,ASO,IPO,"Credit Suisse, JP Morgan, KKR, BofA Merrill Lynch KKR"
Immunome,2020-10-01,$12.00,IMNM,IPO,"Ladenburg Thalmann, Chardan Ladenburg Thalmann"
Oncorus,2020-10-01,$15.00,ONCR,IPO,"Jeffries, Evercore ISI, Piper Sandler Jeffries"
International Money Express,2020-09-30,$13.50,IMXI,ADD-ON,"Credit Suisse, BTIG Credit Suisse"
Sun Communities,2020-09-30,$139.50,SUI,ADD-ON,"Citigroup, BofA Merrill Lynch BMO Capital Markets"
Graybug Vision,2020-09-24,$16.00,GRAY,IPO,"SVB Leerink, Piper Sandler SVB Leerink"
PENN NATIONAL GAMING,2020-09-24,$61.00,PENN,ADD-ON,"Goldman Sachs, BofA Merrill Lynch, JP Morgan Truist Securities"
GoodRx Holdings,2020-09-23,$33.00,GDRX,IPO,"Morgan Stanley, Goldman Sachs, JP Morgan, Barclays Credit Suisse"
Kingsoft Cloud Holdings,2020-09-23,$31.00,KC,ADD-ON,"JP Morgan, Credit Suisse, UBS, CICC, Goldman Sachs Credit Suisse"
Corsair Gaming,2020-09-22,$17.00,CRSR,IPO,"Goldman Sachs, Barclays, Credit Suisse Credit Suisse"
Laird Superfood,2020-09-22,$22.00,LSF,IPO,"Canaccord Genuity, Craig-Hallum Capital Group Canaccord Genuity"
OneWater Marine,2020-09-17,$20.00,ONEW,ADD-ON,"Truist Securities, Baird, Raymond James Truist Securities"
Unity Software,2020-09-17,$52.00,U,IPO,"Goldman Sachs, Credit Suisse Credit Suisse"
Vitru,2020-09-17,$16.00,VTRU,IPO,"Goldman Sachs, BofA Merrill Lynch, Itau BBA, Morgan Stanley Credit Suisse"
American Well Corporation,2020-09-16,$18.00,AMWL,IPO,"Morgan Stanley, Goldman Sachs, Piper Sandler Credit Suisse"
Broadstone Net Lease,2020-09-16,$17.00,BNL,IPO,"JP Morgan, Goldman Sachs, BMO Capital Markets, Morgan Stanley KeyBanc Capital Markets"
Forterra,2020-09-16,$13.50,FRTA,ADD-ON,"Credit Suisse, BofA Merrill Lynch, Citigroup Credit Suisse"
Pactiv Evergreen,2020-09-16,$14.00,PTVE,IPO,"Credit Suisse, Citigroup Credit Suisse"
Metacrine,2020-09-15,$13.00,MTCR,IPO,"Jeffries, Evercore ISI, RBC Capital Markets Jeffries"
Snowflake,2020-09-15,$120.00,SNOW,IPO,"Goldman Sachs, Morgan Stanley, JP Morgan, Citigroup, Allen & Company LLC, Credit Suisse, Barclays, Deutsche Bank, Mizuho Securities, Truist Securities Credit Suisse"
The AZEK Company,2020-09-10,$33.25,AZEK,ADD-ON,"Barclays, BofA Merrill Lynch, Goldman Sachs, Jeffries Credit Suisse"
Lightspeed POS,2020-09-10,$30.50,LSPD,IPO,"Morgan Stanley, Barclays, BMO Capital Markets KeyBanc Capital Markets"
Shift4 Payments,2020-09-10,$48.50,FOUR,ADD-ON,"Goldman Sachs, Credit Suisse, Citigroup Credit Suisse"
Athenex,2020-09-09,$11.00,ATNX,ADD-ON,"SVB Leerink, RBC Capital Markets, Evercore ISI SVB Leerink"
XPeng,2020-08-26,$15.00,XPEV,IPO,"Credit Suisse, JP Morgan, BofA Merrill Lynch Credit Suisse"
21Vianet Group,2020-08-25,$20.75,VNET,ADD-ON,"Credit Suisse, Morgan Stanley, Jeffries Credit Suisse"
ZoomInfo Technologies,2020-08-19,$37.00,ZI,ADD-ON,"JP Morgan, Morgan Stanley, Barclays, Credit Suisse Credit Suisse"
Futu Holdings,2020-08-18,$33.00,FUTU,ADD-ON,"Goldman Sachs, Credit Suisse, UBS, Haitong International Credit Suisse"
Inhibrx,2020-08-18,$17.00,INBX,IPO,"Jeffries, Evercore ISI, Credit Suisse Credit Suisse"
CureVac B.V.,2020-08-13,$16.00,CVAC,IPO,"BofA Merrill Lynch, Jeffries, Credit Suisse Credit Suisse"
NetSTREIT,2020-08-13,$18.00,NTST,IPO,"Wells Fargo, BofA Merrill Lynch, Citigroup, Stifel, Jeffries Truist Securities"
TFI International,2020-08-12,$43.25,TFII,ADD-ON,"Morgan Stanley, Credit Suisse, BofA Merrill Lynch, JP Morgan, Goldman Sachs Credit Suisse"
Upland Software,2020-08-11,$34.00,UPLD,ADD-ON,Credit Suisse Credit Suisse
Rocket Companies,2020-08-05,$18.00,RKT,IPO,"Goldman Sachs, Morgan Stanley, Credit Suisse, JP Morgan, RBC Capital Markets Credit Suisse"
Virgin Galactic Holdings,2020-08-05,$19.50,SPCE,ADD-ON,"Credit Suisse, Morgan Stanley Credit Suisse"
Rackspace Technology,2020-08-04,$21.00,RXT,IPO,"Goldman Sachs, Citigroup, JP Morgan, RBC Capital Markets Credit Suisse"
Vital Farms,2020-07-30,$22.00,VITL,IPO,"Goldman Sachs, Morgan Stanley, Credit Suisse Credit Suisse"
ALX Oncology Holdings,2020-07-16,$19.00,ALXO,IPO,"Jeffries, Credit Suisse, Piper Sandler, Cantor Fitzgerald Credit Suisse"
HeadHunter Group,2020-07-15,$20.25,HHR,ADD-ON,"Goldman Sachs, Morgan Stanley, Credit Suisse, VTB Capital Credit Suisse"
GoHealth,2020-07-14,$21.00,GOCO,IPO,"Goldman Sachs, BofA Merrill Lynch, Morgan Stanley Credit Suisse"
Centogene,2020-07-09,$14.00,CNTG,ADD-ON,"Credit Suisse, SVB Leerink Credit Suisse"
Inventiva,2020-07-09,$14.40,IVA,IPO,"Jeffries, Stifel, , Guggenheim Securities Jeffries"
Nkarta,2020-07-09,$18.00,NKTX,IPO,"Cowen and Company, Evercore ISI, Stifel, Mizuho Securities Cowen and Company"
Ping Identity Holding,2020-07-08,$32.00,PING,ADD-ON,"Goldman Sachs, BofA Merrill Lynch, RBC Capital Markets, Citigroup Credit Suisse"
Accolade,2020-07-01,$22.00,ACCD,IPO,"Goldman Sachs, Morgan Stanley, BofA Merrill Lynch, Piper Sandler, Credit Suisse, William Blair Credit Suisse"
XP,2020-07-01,$42.50,XP,ADD-ON,"XP Investimentos, Morgan Stanley, Goldman Sachs, JP Morgan Credit Suisse"
Acceleron Pharma,2020-06-30,$92.50,XLRN,ADD-ON,"Goldman Sachs, Citigroup, BofA Merrill Lynch, JP Morgan Credit Suisse"
Dun & Bradstreet Holdings,2020-06-30,$22.00,DNB,IPO,"Goldman Sachs, BofA Merrill Lynch Credit Suisse"
TravelCenters of America,2020-06-30,$14.00,TA,ADD-ON,"Citigroup, BMO Capital Markets, B. Riley, BTIG BMO Capital Markets"
Albertsons Companies,2020-06-25,$16.00,ACI,IPO,"BofA Merrill Lynch, Goldman Sachs, JP Morgan, Citigroup Credit Suisse"
PG&E Corporation,2020-06-25,$9.50,PCG,ADD-ON,"Goldman Sachs, JP Morgan Credit Suisse"
PolyPid,2020-06-25,$16.00,PYPD,IPO,"Barclays, BMO Capital Markets BMO Capital Markets"
1Life Healthcare,2020-06-24,$31.00,ONEM,ADD-ON,"JP Morgan, Morgan Stanley Credit Suisse"
DraftKings,2020-06-18,$40.00,DKNG,ADD-ON,"Goldman Sachs, Credit Suisse Credit Suisse"
Forma Therapeutics,2020-06-18,$20.00,FMTX,IPO,"Jeffries, SVB Leerink, Credit Suisse Credit Suisse"
Genetron Holdings,2020-06-18,$16.00,GTH,IPO,"Credit Suisse, CICC Credit Suisse"
Eldorado Resorts,2020-06-16,$39.00,ERI,ADD-ON,"JP Morgan, Credit Suisse, Deutsche Bank, BofA Merrill Lynch Credit Suisse"
VICI Properties,2020-06-16,$22.15,VICI,ADD-ON,"Morgan Stanley, BofA Merrill Lynch, Deutsche Bank, Goldman Sachs Credit Suisse"
Royalty Pharma,2020-06-15,$28.00,RPRX,IPO,"JP Morgan, Morgan Stanley, BofA Merrill Lynch, Goldman Sachs, Citigroup, UBS, Evercore, Cowen and Company, SunTrust Robinson Humphrey SunTrust Robinson Humphrey"
Avidity Biosciences,2020-06-11,$18.00,RNA,IPO,"Cowen and Company, SVB Leerink, Credit Suisse, Wells Fargo Credit Suisse"
The AZEK Company,2020-06-11,$23.00,AZEK,IPO,"Barclays, Bofa Merrill Lynch, Goldman Sachs, Jefferies Credit Suisse"
ONEOK,2020-06-11,$32.00,OKE,ADD-ON,"Barclays, JP Morgan, Citigroup Credit Suisse"
"NIO, Inc.",2020-06-10,$5.95,NIO,ADD-ON,"Morgan Stanley, Credit Suisse, CICC Credit Suisse"
Shift4 Payments,2020-06-04,$23.00,FOUR,IPO,"Citigroup, Credit Suisse, Goldman Sachs Credit Suisse"
Warner Music Group,2020-06-03,$25.00,WMG,IPO,"Morgan Stanley, Credit Suisse, Goldman Sachs, Bofa Merrill Lynch, Citigroup, JP Morgan Credit Suisse"
ZoomInfo Technologies,2020-06-03,$21.00,ZI,IPO,"JP Moran, Morgan Stanley, Barclays, Credit Suisse, Bofa Merrill Lynch, Deutsche Bank, RBC Capital Markets, UBS, Wells Fargo Credit Suisse"
Repay Holdings Corporation,2020-05-28,$20.00,RPAY,ADD-ON,"Morgan Stanley, Credit Suisse, Barclays Credit Suisse"
SelectQuote,2020-05-20,$20.00,SLQT,IPO,"Credit Suisse, Morgan Stanley, Evercore, Citigroup Credit Suisse"
RealPage,2020-05-19,$59.00,RP,ADD-ON,"Goldman Sachs, Bofa Merrill Lynch, Wells Fargo KeyBanc Capital Markets"
Ping Identity Holding,2020-05-13,$24.00,PING,ADD-ON,"Goldman Sachs, Bofa Merrill Lynch, RBC Capital Markets, Citigroup, Credit Suisse Credit Suisse"
BlackRock,2020-05-12,$420.00,BLK,ADD-ON,"Morgan Stanley, Citigroup, Evercore Credit Suisse"
MyoKardia,2020-05-12,$105.00,MYOK,ADD-ON,"Credit Suisse, Bofa Merrill Lynch, JP Morgan Credit Suisse"
Zillow Group,2020-05-12,$48.00,Z,ADD-ON,"Morgan Stanley, Goldman Sachs, Citigroup, Credit Suisse Credit Suisse"
Protagonist Therapeutics,2020-05-11,$14.00,PTGX,ADD-ON,"Jeffries, BMO Capital Markets BMO Capital Markets"
Ayala Pharmaceuticals,2020-05-07,$15.00,AYLA,IPO,"Citigroup, Jefferies Citigroup"
Kingsoft Cloud Holdings,2020-05-07,$17.00,KC,IPO,"JP Morgan, UBS, Credit Suisse, CICC Credit Suisse"
Keros Therapeutics,2020-04-08,$16.00,KROS,IPO,"Jefferies, SVB Leerink, Piper Jaffray Jefferies"
Zentalis Pharmaceuticals,2020-04-02,$18.00,ZNTL,IPO,"Morgan Stanley, Jefferies, SVB Leerink, Guggenheim Securities Guggenheim Securities"
Evoqua Water Technologies,2020-03-05,$19.50,AQUA,ADD-ON,"Credit Suisse, RBC Capital Markets, JP Morgan Credit Suisse"
eHealth,2020-03-03,$115.00,EHTH,ADD-ON,"RBC Capital Markets, Credit Suisse Credit Suisse"
GFL Environmental,2020-03-02,$19.00,GFL,IPO,"JP Morgan, BMO Capital Markets, Raymond James, Stifel, AMTD Global Markets BMO Capital Markets"
Deciphera Pharmaceuticals,2020-02-13,$55.00,DCPH,ADD-ON,"JP Morgan, Piper Jaffray, Jefferies SunTrust Robinson Humphrey"
TFI International,2020-02-12,$33.35,TFII,ADD-ON,"Morgan Stanley, BofA Merrill Lynch, JP Morgan, Credit Suisse, RBC Capital Markets, UBS Credit Suisse"
OneWater Marine,2020-02-06,$12.00,ONEW,IPO,"Raymond James, Baird, SunTrust Robinson Humphrey SunTrust Robinson Humphrey"
RAPT Therapeutics,2020-02-06,$30.00,RAPT,ADD-ON,"BMO Capital Markets, Wells Fargo, UBS, Cantor Fitzgerald BMO Capital Markets"
Casper Sleep,2020-02-05,$12.00,CSPR,IPO,"Morgan Stanley, Goldman Sachs, Jefferies Guggenheim Securities"
Petroleo Brasileiro,2020-02-05,$14.16,PBR,ADD-ON,"Credit Suisse, BofA Merrill Lynch Credit Suisse"
PPD,2020-02-05,$27.00,PPD,IPO,"Barclays, JP Morgan, Morgan Stanley, Goldman Sachs Credit Suisse"
Arcutis Biotherapeutics,2020-01-30,$17.00,ARQT,IPO,"Goldman Sachs, Cowen and Company, Guggenheim Securities, Cantor Fitzgerald Guggenheim Securities"
Reynolds Consumer Products,2020-01-30,$26.00,REYN,IPO,"Credit Suisse, Goldman Sachs, JP Morgan Credit Suisse"
Adaptive Biotechnologies,2020-01-23,$26.50,ADPT,ADD-ON,"JP Morgan, Goldman Sachs, BofA Merrill Lynch Guggenheim Securities"
I-Mab,2020-01-16,$14.00,IMAB,IPO,"Jefferies, CICC Jefferies"
Lizhi,2020-01-16,$11.00,LIZI,IPO,Citigroup Citigroup
Phoenix Tree Holdings,2020-01-16,$13.50,DNK,IPO,"Citigroup, Credit Suisse, JP Morgan Credit Suisse"
Luckin Coffee,2020-01-09,$42.00,LK,ADD-ON,"Credit Suisse, Morgan Stanley, CICC, Haitong International Credit Suisse"
Mirati Therapeutics,2020-01-09,$97.50,MRTX,ADD-ON,"Goldman Sachs, SVB Leerink, Cowen and Company Credit Suisse"
Apellis Pharmaceuticals,2020-01-08,$37.00,APLS,ADD-ON,"Citigroup, JP Morgan, Evercore Cantor Fitzgerald"
Mirum Pharmaceuticals,2020-01-08,$20.00,MIRM,ADD-ON,"Citigroup, Evercore, Guggenheim Securities Guggenheim Securities"
Osmotica Pharmaceuticals,2020-01-08,$5.00,OSMT,ADD-ON,"Jefferies, SVB Leerink SunTrust Robinson Humphrey"
Intra-Cellular Therapies,2020-01-07,$29.50,ITCI,ADD-ON,"JP Morgan, SVB Leerink, Evercore Cantor Fitzgerald"
Aquestive Therapeutics,2019-12-12,$5.00,AQST,ADD-ON,BMO Capital Markets BMO Capital Markets
OneConnect Financial Technology,2019-12-12,$10.00,OCFT,IPO,"Morgan Stanley, Goldman Sachs, JP Morgan KeyBanc Capital Markets"
Brigham Minerals,2019-12-11,$18.10,MNRL,ADD-ON,"Credit Suisse, Goldman Sachs, RBC Capital Markets Credit Suisse"
Dynatrace,2019-12-05,$24.75,DT,ADD-ON,"Goldman Sachs, JP Morgan, Citigroup, RBC Capital Markets, BofA Merrill Lynch, UBS, Jefferies KeyBanc Capital Markets"
Everi Holdings,2019-12-05,$11.25,EVRI,ADD-ON,"Jefferies, Stifel, Craig-Hallum Capital Group, Raymond James, SunTrust Robinson Humphrey SunTrust Robinson Humphrey"
Arrowhead Pharmaceuticals,2019-12-03,$58.00,ARWR,ADD-ON,"Goldman Sachs, Jefferies, Piper Jaffray, Cantor Fitzgerald Cantor Fitzgerald"
Kodiak Sciences,2019-12-03,$46.00,KOD,ADD-ON,"JP Morgan, Goldman Sachs, Jefferies SunTrust Robinson Humphrey"
Alpine Income Property Trust,2019-11-21,$19.00,PINE,IPO,"Raymond James, Baird, B. Riley, BMO Capital Markets BMO Capital Markets"
Organogenesis Holdings,2019-11-21,$5.00,ORGO,ADD-ON,"Credit Suisse, SVB leerink Credit Suisse"
GSX Techedu,2019-11-20,$14.00,GSX,ADD-ON,"Credit Suisse, Goldman Sachs, BofA Merrill Lynch, Deutsche Bank Credit Suisse"
Performance Food Group,2019-11-20,$44.25,PFGC,ADD-ON,"Credit Suisse, Wells Fargo Credit Suisse"
Safehold,2019-11-19,$34.00,SAFE,ADD-ON,"Goldman Sachs, BofA Merrill Lynch, JP Morgan SunTrust Robinson Humphrey"
Purple Innovation,2019-11-14,$7.00,PRPL,ADD-ON,"BofA Merrill Lynch, Oppenheimer & Co, Raymond James, KeyBanc Capital Markets KeyBanc Capital Markets"
Replimune Group,2019-11-13,$13.61,REPL,ADD-ON,"JP Morgan, SVB Leerink, BMO Capital Markets BMO Capital Markets"
Avantor,2019-05-16,$14.00,AVTR,IPO,"Goldman Sachs, JP Morgan Credit Suisse Credit Suisse"
Fastly,2019-05-16,$16.00,FSLY,IPO,"Bofa Merill Lynch, Citigroup, Credit Suisse Credit Suisse"
Luckin Coffee,2019-05-16,$17.00,LK,IPO,"Credit Suisse, Morgan Stanley, CICC, Haitong International Credit Suisse"
Tremont Mortgage Trust,2019-05-16,$5.65,TRMT,ADD-ON,"Morgan Stanley, Citigroup, UBS, RBC Capital Markets UBS"
Intercept Pharmaceuticals,2019-05-09,$83.50,ICPT,ADD-ON,"Goldman Sachs, Credit Suisse, Jefferies Credit Suisse"
Uber Technologies,2019-05-09,$45.00,UBER,IPO,"Morgan Stanley, Goldman Sachs, Bofa Merrill Lynch SunTrust Robinson Humphrey"
Cortexyme,2019-05-08,$17.00,CRTX,IPO,"Bofa Merill Lynch, Credit Suisse Credit Suisse"
Headhunter Group,2019-05-08,$13.50,HHR,IPO,"Morgan Stanley, Goldman Sachs, Credit Suisse, VTB Capital Credit Suisse"
Upland Software,2019-05-08,$42.00,UPLD,ADD-ON,"Credit Suisse, Jefferies Credit Suisse"
Parsons Corporation,2019-05-07,$27.00,PSN,IPO,"Goldman Sachs, Bofa Merill Lynch SunTrust Robinson Humphrey"
Yunji,2019-05-02,$11.00,YJ,IPO,"Morgan Stanley, Credit Suisse, JP Morgan Credit Suisse"
Beyond Meat,2019-05-01,$25.00,BYND,IPO,"Goldman Sachs, JP Morgan, Credit Suisse Credit Suisse"
Huami Corp,2019-04-24,$9.75,HMI,ADD-ON,"Morgan Stanley, Credit Suisse Credit Suisse"
Brigham Minerals,2019-04-17,$18.00,MNRL,IPO,"Credit Suisse, Goldman Sachs Credit Suisse"
Endava PLC,2019-04-17,$27.25,DAVA,ADD-ON,"Morgan Stanley, Citigroup, Credit Suisse, Deutsche Bank Credit Suisse"
Pinterest,2019-04-17,$19.00,PINS,IPO,"Goldman Sachs, JP Morgan, Allen & Company LLC Credit Suisse"
Zoom Video Communications,2019-04-17,$36.00,ZM,IPO,"Morgan Stanley, JP Morgan, Goldman Sachs, Credit Suisse Credit Suisse"
Americold Realty Trust,2019-04-16,$29.75,COLD,ADD-ON,"Bofa Merill Lynch, Goldman Sachs SunTrust Robinson Humphrey"
Brainsway,2019-04-16,$11.00,BWAY,IPO,"Cantor Fitzgerald, Raymond James, Oppenheimer & Co Cantor Fitzgerald"
HUYA,2019-04-09,$24.00,HUYA,ADD-ON,"Credit Suisse, Goldman Sachs Credit Suisse"
Baozun,2019-04-04,$40.00,BZUN,ADD-ON,"Credit Suisse, Deutsche Bank Credit Suisse"
EVO Payments,2019-04-03,$26.50,EVOP,ADD-ON,JP Morgan SunTrust Robinson Humphrey
Tradeweb Markets,2019-04-03,$27.00,TW,IPO,"JP Morgan, Citigroup, Goldman Sachs, Morgan Stanley Credit Suisse"
Bilibili,2019-04-02,$18.00,BILI,ADD-ON,"Morgan Stanley, JP Morgan Credit Suisse"
Lyft,2019-03-28,$72.00,LYFT,IPO,"JP Morgan, Credit Suisse, Jefferies Credit Suisse"
MyoKardia,2019-03-26,$51.00,MYOK,ADD-ON,"Bofa Merill Lynch, Credit Suisse, Cowen and Company,Wells Fargo Credit Suisse"
FRONTDOOR,2019-03-20,$30.00,FTDR,ADD-ON,"JP Morgan, Goldman Sachs Credit Suisse"
Dermira,2019-03-19,$13.25,DERM,ADD-ON,"Citigroup, Cowen and Company, Cantor Fitzgerald, Guggenheim Securities Cantor Fitzgerald"
Nomad Food Limited,2019-03-19,$20.00,NOMD,ADD-ON,"Goldman Sachs, Barclays, Citigroup, Credit Suisse, UBS Credit Suisse"
Essential Properties Realty Trust,2019-03-13,$17.50,EPRT,ADD-ON,"Citigroup, Barclays, Bofa Merill Lynch, Credit Suisse, Goldman Sachs, RBC Capital Markets Credit Suisse"
Futu Holdings,2019-03-07,$12.00,FHL,IPO,"Goldman Sachs, UBS, Credit Suisse Credit Suisse"
Pluralsight,2019-03-06,$29.25,PS,ADD-ON,"Morgan Stanley, JP Morgan, Barclays, BofA Merill Lynch KeyBanc Capital Markets"
Ascendis Pharma,2019-03-05,$120.00,ASND,ADD-ON,"JP Morgan, Morgan Stanley, Credit Suisse, Evercore Credit Suisse"
Danaher,2019-02-26,$123.00,DHR,ADD-ON,"Barclays, Goldman Sachs, Credit Suisse, HSBC Credit Suisse"
QTS Realty Trust,2019-02-26,$41.50,QTS,ADD-ON,"Jefferies, KeyBanc Capital Markets, SunTrust Robinson Humphrey SunTrust Robinson Humphrey"
New Fortress Energy,2019-01-30,$14.00,NFE,IPO,"Morgan Stanley, Barclays, Citigroup, Credit Suisse Credit Suisse"
eHealth,2019-01-23,$48.50,EHTH,ADD-ON,"RBC Capital Markets, Credit Suisse, Evercore Credit Suisse"
Everbridge,2019-01-15,$55.25,EVBG,ADD-ON,"JP Morgan, BofA Merill Lynch, Credit Suisse Credit Suisse"
360 Finance,2018-12-13,$16.50,QFIN,IPO,"Citigroup, Haitong International, Lighthouse Capital Citigroup"
MOGU Incorporated,2018-12-06,$14.00,MOGU,IPO,"Credit Suisse, Morgan Stanley Credit Suisse"
Laureate Education,2018-11-15,$14.00,LAUR,ADD-ON,"Credit Suisse, Barclays, BMO Capital Markets, Macquarie Capital Credit Suisse"
Bain Capital Specialty Finance,2018-11-14,$20.25,BCSF,IPO,"BofA Merill Lynch, Goldman Sachs, Morgan Stanley, Citigroup Credit Suisse"
Consolidated Edison,2018-11-14,$77.00,ED,ADD-ON,"Citibank, Barclays, JP Morgan KeyBanc Capital Markets"
Ceridian HCM Holding,2018-11-13,$36.00,CDAY,ADD-ON,"Goldman Sachs, JP Morgan Cantor Fitzgerald"
Sarepta Therapeutics,2018-11-08,$131.00,SRPT,ADD-ON,"Goldman Sachs, JP Morgan, Credit Suisse Credit Suisse"
Axonics Modulation Technologies,2018-10-30,$15.00,AXNX,,"BofA Merill Lynch, Morgan Stanley SunTrust Robinson Humphrey"
StoneCo,2018-10-25,$24.00,STNE,,"Goldman Sachs, JP Morgan, Citigroup Credit Suisse"
YETI Holdings,2018-10-24,$18.00,YETI,,"BofA Merill Lynch, Morgan Stanley, Jefferies KeyBanc Capital Markets"
Proteostasis Therapeutics,2018-10-23,$6.75,PTI,,"Leerink Partners, Piper Jaffray, Cantor Fitzgerald Cantor Fitzgerald"
Krystal Biotech,2018-10-18,$20.00,KRYS,,"Cowen and Company, William Blair, Cantor Fitzgerald Cantor Fitzgerald"
Niu Technologies,2018-10-18,$9.00,NIU,,"Credit Suisse, Citigroup Credit Suisse"
SolarWinds,2018-10-18,$15.00,SWI,,"Goldman Sachs, JP Morgan, Morgan Stanley, Credit Suisse Credit Suisse"
Studio City International,2018-10-17,$12.50,MSC,,"Deutsche Bank, Credit Suisse, Morgan Stanley Credit Suisse"
CPI Aerostructures,2018-10-16,$6.25,CVU,,Canaccord Genuity Canaccord Genuity
Anaplan,2018-10-11,$17.00,PLAN,,"Goldman Sachs, Morgan Stanley SunTrust Robinson Humphrey"
Livent,2018-10-10,$17.00,LTHM,,"BofA Merill Lynch, Goldman Sachs, Credit Suisse Credit Suisse"
Conagra Brands,2018-10-09,$35.25,CAG,,"Goldman Sachs, BofA Merill Lynch, JP Morgan, Mizuho Securities SunTrust Robinson Humphrey"
Azure Power Global,2018-10-04,$12.50,AZRE,,"Credit Suisse, Barclays, HSBC Credit Suisse"
Aldeyra Therapeutics,2018-09-27,$13.75,ALDX,,"Citigroup, Cantor Fitzgerald Cantor Fitzgerald"
CooTek,2018-09-27,$12.00,CTK,,"Credit Suisse, BofA Merill Lynch, Citigroup Credit Suisse"
Rosehill Resources,2018-09-27,$6.10,ROSE,,"Citigroup, SunTrust Robinson Humphrey, JP Morgan SunTrust Robinson Humphrey"
Ra Medical Systems,2018-09-26,$17.00,RMED,,"Piper Jaffray, Cantor Fitzgerald Cantor Fitzgerald"
AnaptysBio,2018-09-25,$94.46,ANAB,,"Credit Suisse, JP Morgan, Jefferies Credit Suisse"
Ashford,2018-09-25,$74.50,AINC,,"UBS, RBC Capital Markets, Janney Montgomery Scott UBS"
Centerpoint Energy,2018-09-25,$27.25,CNP,,"Morgan Stanley, Goldman Sachs, Citigroup, Wells Fargo Credit Suisse"
Entasis Therapeutics Holdings,2018-09-25,$15.00,ETTX,,"Credit Suisse, BMO Capital Markets Credit Suisse"
SurveyMonkey,2018-09-25,$12.00,SVMK,,"JP Morgan, Allen & Company LLC, BofA Merill Lynch, Credit Suisse, UBS, Wells Fargo Credit Suisse"
Farfetch,2018-09-20,$20.00,FTCH,,"Goldman Sachs, JP Morgan, Allen & Company LLC, UBS Credit Suisse"
Skyline Champion Corporation,2018-09-20,$29.25,SKY,,"Credit Suisse, RBC Capital Markets, Jefferies Credit Suisse"
Viking Therapeutics,2018-09-20,$18.50,VKTX,,William Blair SunTrust Robinson Humphrey
Elanco Animal Health,2018-09-19,$24.00,ELAN,,"Goldman Sachs, JP Morgan, Morgan Stanley Credit Suisse"
Eventbrite,2018-09-19,$23.00,EB,,"Goldman Sachs, JP Morgan, Allen & Company LLC, RBC Capital Markets Credit Suisse"
Foamix Pharmaceuticals,2018-09-13,$6.00,FOMX,,"BofA Merill Lynch, Cowen and Company, Barclays Cantor Fitzgerald"
"NN, Inc.",2018-09-13,$16.00,NNBR,,"JP Morgan, Baird, KeyBanc Capital Markets, SunTrust Robinson Humphrey KeyBanc Capital Markets"
PGT Innovations,2018-09-13,$23.00,PGTI,,"SunTrust Robinson Humphrey, JP Morgan, KeyBanc Capital Markets, Jefferies, Wells Fargo, Deutsche Bank SunTrust Robinson Humphrey"
"NIO, Inc.",2018-09-12,$6.26,NIO,,"Morgan Stanley, Goldman Sachs, JP Morgan, BofA Merill Lynch Credit Suisse"
SailPoint Technologies Holdings,2018-08-15,$28.25,SAIL,,"Morgan Stanley, Goldman Sachs, Citigroup KeyBanc Capital Markets"
Aridis Pharmaceuticals,2018-08-13,$13.00,ARDS,,Cantor Fitzgerald Cantor Fitzgerald
First Data,2018-08-13,$23.75,FDC,,"Citigroup, BofA Merill Lynch, PNC, Wells Fargo, Deutsche Bank, KKR Citigroup"
Central Garden & Pet,2018-08-08,$37.00,CENTA,,"BofA Merill Lynch, JP Morgan KeyBanc Capital Markets"
GrafTech International,2018-08-08,$20.00,EAF,,"JP Morgan, Credit Suisse Credit Suisse"
PlayAGS,2018-08-08,$29.25,AGS,,"Credit Suisse, Deutsche Bank, Jefferies, Macquarie Capital Credit Suisse"
WellCare Health Plans,2018-08-07,$265.00,WCG,,"SunTrust Robinson Humphrey, JP Morgan, Goldman Sachs, Wells Fargo SunTrust Robinson Humphrey"
Arlo Technologies,2018-08-02,$16.00,ARLO,,"BofA Merill Lynch, Deutsche Bank, Guggenheim Securities Guggenheim Securities"
Skyline Champion Corporation,2018-08-02,$22.00,SKY,,"Credit Suisse, RBC Capital Markets, Jefferies Credit Suisse"
Cushman & Wakefield,2018-08-01,$17.00,CWK,,"Morgan Stanley, JP Morgan, Goldman Sachs, UBS Credit Suisse"
Sonos,2018-08-01,$15.00,SONO,,"Morgan Stanley, Goldman Sachs, Allen & Company LLC KKR"
TherapeuticsMD,2018-08-01,$5.10,TXMD,,"Goldman Sachs, Cantor Fitzgerald Cantor Fitzgerald"
Endava,2018-07-26,$20.00,DAVA,,"Morgan Stanley, Citigroup, Credit Suisse, Deutsche Bank Credit Suisse"
Aurora Mobile,2018-07-25,$8.50,JG,,"Goldman Sachs, Credit Suisse, Deutsche Bank Credit Suisse"
Focus Financial Partners,2018-07-25,$33.00,FOCS,,"Goldman Sachs, BofA Merill Lynch, KKR KKR"
National Vision Holdings,2018-07-25,$39.75,EYE,,"BofA Merill Lunch, Citigroup, Goldman Sachs, Jefferies, KKR KKR"
Pinduoduo,2018-07-25,$19.00,PDD,,"Credit Suisse, Goldman Sachs, CICC Credit Suisse"
WillScot,2018-07-25,$16.00,WSC,,"Barclays, Deutsche Bank, Morgan Stanley, BofA Merill Lynch Credit Suisse"
Bloom Energy,2018-07-24,$15.00,BE,,"JP Morgan, Morgan Stanley Credit Suisse"
Materialise,2018-07-23,$13.00,MTLS,,Piper Jaffray KeyBanc Capital Markets
Evolus,2018-07-18,$20.00,EOLS,,"Cantor Fitzgerald, Mizuho Securities Cantor Fitzgerald"
Cactus,2018-07-11,$33.25,WHD,,"Citigroup, Credit Suisse Credit Suisse"
Domo,2018-06-28,$21.00,DOMO,,"Morgan Stanley, Allen & Company LLC, Credit Suisse, UBS Credit Suisse"
BrightView,2018-06-27,$22.00,BV,,"Goldman Sachs, JP Morgan, KKR, UBS KKR"
Forty Seven,2018-06-27,$16.00,FTSV,,"Morgan Stanley, Credit Suisse Credit Suisse"
Green Brick Partners,2018-06-21,$9.50,GRBK,,"Citigroup, Credit Suisse, JP Morgan Credit Suisse"
Essential Properties Realty Trust,2018-06-20,$14.00,EPRT,,"Goldman Sachs, Citigroup, BofA Merill Lynch, Credit Suisse Credit Suisse"
i3 Verticals,2018-06-20,$13.00,IIIV,,"Cowen and Company, Raymond James, KeyBanc Capital Markets KeyBanc Capital Markets"
Galmed Pharmaceuticals,2018-06-19,$15.00,GLMD,,"Stifel, SunTrust Robinson Humphrey, Cantor Fitzgerald Cantor Fitzgerald"
ObsEva,2018-06-19,$15.39,OBSV,,"JP Morgan, Credit Suisse, Jefferies Credit Suisse"
CIRCOR International,2018-06-12,$44.25,CIR,,"Citigroup, Deutsche Bank KeyBanc Capital Markets"
OptiNose,2018-06-06,$22.25,OPTN,,"Jefferies, Piper Jaffray, BMO Capital Markets, RBC Capital Markets Cantor Fitzgerald"
Vericel Corporation,2018-05-31,$13.00,VCEL,,"Leerink Partners, BTIG Leerink Partners"
T2 Biosystems,2018-05-30,$7.50,TTOO,,Leerink Partners Leerink Partners
Iterum Therapeutics,2018-05-24,$13.00,ITRM,,"Leerink Partners, RBC Capital Markets Leerink Partners"
GreenSky,2018-05-24,$23.00,GSKY,,"Goldman Sachs, JP Morgan, Morgan Stanley Credit Suisse"
Melinta Therapeutics,2018-05-23,$5.00,MLNT,,"JP Morgan, Jefferies Cantor Fitzgerald"
RealPage,2018-05-23,$57.00,RP,,"Morgan Stanley, JP Morgan, Wells Fargo, RBC Capital Markets KeyBanc Capital Markets"
SailPoint Technologies Holdings,2018-05-23,$22.50,SAIL,,"Morgan Stanley, Goldman Sachs, Citigroup KeyBanc Capital Markets"
2U,2018-05-22,$90.00,TWOU,,"Goldman Sachs, Credit Suisse Credit Suisse"
Evo Payments,2018-05-22,$16.00,EVOP,,"JP Morgan, BofA Merill Lynch, Citigroup, Deutsche Bank, SunTrust Robinson Humphrey SunTrust Robinson Humphrey"
International Game Technology,2018-05-22,$28.25,IGT,,Credit Suisse Credit Suisse
MyoKardia,2018-05-22,$49.00,MYOK,,"JP Morgan, BofA Merill Lynch, Credit Suisse, Wells Fargo Credit Suisse"
Myers Industries,2018-05-18,$18.50,MYE,,"JP Morgan, Baird KeyBanc Capital Markets"
Curo Group Holdings,2018-05-16,$23.00,CURO,,"Credit Suisse, Jefferies, Stephens Credit Suisse"
Huya,2018-05-10,$12.00,HUYA,,"Credit Suisse, Goldman Sachs, UBS Credit Suisse"
Weight Watchers International,2018-05-10,$69.00,WTW,,"Goldman Sachs, Morgan Stanley, UBS Goldman Sachs"
AXA Equitable Holdings,2018-05-09,$20.00,EQH,,"Morgan Stanley, JP Morgan, Barclays, Citigroup Credit Suisse"
PlayAGS,2018-05-09,$21.50,AGS,,"Credit Suisse, Deutsche Bank Credit Suisse"
InflaRx,2018-05-03,$34.00,IFRX,,"JP Morgan, Leerink Partners, BMO Capital Markets SunTrust Robinson Humphrey"
Gardner Denver Holdings,2018-05-02,$31.00,GDI,ADD-ON,"Goldman Sachs, Citigroup, KKR KKR"
Centene Corporation,2018-05-01,$107.50,CNC,ADD-ON,"Barclays, Citigroup, Wells Fargo, Evercore, SunTrust Robinson Humphrey SunTrust Robinson Humphrey"
PermRock Royalty Trust,2018-05-01,$17.00,PRT,IPO,"Wells Fargo, Goldman Sachs, UBS UBS"
Ceridian HCM Holding,2018-04-26,$22.00,CDAY,IPO,"Goldman Sachs, JP Morgan Credit Suisse"
Eloxx Pharmaceuticals,2018-04-25,$9.75,ELOX,ADD-ON,"Citigroup, Piper Jaffray Citigroup"
Pivotal Software,2018-04-19,$15.00,PVTL,IPO,"Morgan Stanley, Goldman Sachs, Citigroup Credit Suisse"
GrafTech International,2018-04-18,$15.00,EAF,IPO,"JP Morgan, Credit Suisse Credit Suisse"
Exela Technologies,2018-04-11,$5.00,XELA,ADD-ON,"Morgan Stanley, RBC Capital Markets Cantor Fitzgerald"
Hilton Worldwide Holdings,2018-04-10,$73.00,HLT,ADD-ON,"Goldman Sachs, JP Morgan, Deutsche Bank Credit Suisse"
SS&C Technologies,2018-04-03,$47.50,SSNC,ADD-ON,"Credit Suisse, Morgan Stanley Credit Suisse"
IQIYI,2018-03-28,$18.00,IQ,IPO,"Goldman Sachs, Credit Suisse, BofA Merill Lynch Credit Suisse"
PTC Therapeutics,2018-03-28,$27.04,PTCT,ADD-ON,"Credit Suisse, Citigroup, RBC Capital Markets Credit Suisse"
General Mills,2018-03-27,$44.00,GIS,ADD-ON,"Goldman Sachs, BofA Merill Lynch Credit Suisse"
Sunlands Online Education,2018-03-22,$11.50,STG,IPO,"JP Morgan, Credit Suisse, RBC Capital Markets Credit Suisse"
Arena Pharmaceuticals,2018-03-21,$41.50,ARNA,ADD-ON,"Citigroup, Leerink Partners Credit Suisse"
Cision,2018-03-20,$10.75,CISN,ADD-ON,"JP Morgan, Deutsche Bank Credit Suisse"
ForeScout Technologies,2018-03-20,$29.00,FSCT,ADD-ON,"Morgan Stanley, JP Morgan, Citigroup KeyBanc Capital Markets"
Xencor,2018-03-20,$31.00,XNCR,ADD-ON,"Leerink Partners, Piper Jaffray Leerink Partners"
Zscaler,2018-03-15,$16.00,ZS,IPO,"Morgan Stanley, Goldman Sachs Credit Suisse"
Evoqua Water Technologies,2018-03-14,$22.00,AQUA,ADD-ON,"JP Morgan, Credit Suisse, RBC Capital Markets Credit Suisse"
Hilton Grand Vacations,2018-03-14,$46.25,HGV,ADD-ON,"BofA Merill Lynch, JP Morgan Credit Suisse"
National Vision Holdings,2018-03-14,$33.00,EYE,ADD-ON,"BofA Merill Lynch, Citigroup, Goldman Sachs, Jefferies, KKR KKR"
Emerald Expositions Events,2018-03-08,$18.50,EEX,ADD-ON,"BofA Merill Lynch, Goldman Sachs, Barclays, RBC Capital Markets, Credit Suisse, Citigroup Credit Suisse"
Ares Management,2018-03-07,$22.00,ARES,ADD-ON,"Wells Fargo, Morgan Stanley, Credit Suisse Credit Suisse"
Park Hotels & Resorts,2018-03-06,$25.75,PK,ADD-ON,"Barclays, JP Morgan Credit Suisse"
NMI Holdings,2018-02-27,$19.75,NMIH,ADD-ON,"JP Morgan, Deutsche Bank, RBC Capital Markets SunTrust Robinson Humphrey"
Aimmune Therapeutics,2018-02-21,$32.00,AIMT,ADD-ON,"BofA Merill Lynch, Cantor Fitzgerald, Piper Jaffray, Credit Suisse, RBC Capital Markets Credit Suisse"
Ascendis Pharma,2018-02-21,$57.00,ASND,ADD-ON,"JP Morgan, BofA Merill Lynch, Credit Suisse Credit Suisse"
Cardlytics,2018-02-08,$13.00,CDLX,IPO,"BofA Merill Lynch, JP Morgan KeyBanc Capital Markets"
Cactus,2018-02-07,$19.00,WHD,IPO,"Citigroup, Credit Suisse Credit Suisse"
Evolus,2018-02-07,$12.00,EOLS,IPO,"Cantor Fitzgerald, Mizuho Securities Cantor Fitzgerald"
Huami Corporation,2018-02-07,$11.00,HMI,IPO,"Credit Suisse, Citigroup, China Renaissance Credit Suisse"
FTS International,2018-02-01,$18.00,FTSI,IPO,"Credit Suisse, Morgan Stanley Credit Suisse"
Sun Hydraulics,2018-02-01,$57.50,SNHY,ADD-ON,Morgan Stanley KeyBanc Capital Markets
Hudson Ltd,2018-01-31,$19.00,HUD,IPO,"Credit Suisse, Morgan Stanley, UBS Credit Suisse"
VICI Properties,2018-01-31,$20.00,VICI,IPO,"Morgan Stanley, Goldman Sachs, BofA Merill Lynch Credit Suisse"
PlayAGS,2018-01-25,$16.00,AGS,IPO,"Credit Suisse, Deutsche Bank Credit Suisse"
Rapid7,2018-01-25,$22.00,RPD,ADD-ON,"Barclays, RBC Capital Markets KeyBanc Capital Markets"
Strongbridge Biopharma,2018-01-25,$6.75,SBBP,ADD-ON,Cantor Fitzgerald Cantor Fitzgerald
Gates Industrial,2018-01-24,$19.00,GTES,IPO,"Citigroup, Morgan Stanley, UBS Credit Suisse"
PagSeguro Digital,2018-01-23,$21.50,PAGS,IPO,"Goldman Sachs, Morgan Stanley, BofA Merill Lynch, Deutsche Bank, Credit Suisse, JP Morgan, Itau BBA, BBI Credit Suisse"
ADT,2018-01-18,$14.00,ADT,IPO,"Morgan Stanley, Goldman Sachs Credit Suisse"
Nine Energy Service,2018-01-18,$23.00,NINE,IPO,"JP Morgan, Goldman Sachs, Wells Fargo Credit Suisse"
Industrial Logistics Properties,2018-01-11,$24.00,ILPT,IPO,"UBS, Citigroup, RBC Capital Markets, BofA Merill Lynch, Morgan Stanley, Wells Fargo UBS"
CURO Group Holdings,2017-12-06,$14.00,CURO,IPO,"Credit Suisse, Jefferies, Stephens Credit Suisse"
Medpace Holdings,2017-11-30,$31.50,MEDP,ADD-ON,"Jefferies, Credit Suisse Credit Suisse"
Venator Materials,2017-11-29,$22.50,VNTR,ADD-ON,"BofA Merill Lynch, Citigroup, Goldman Sachs, JP Morgan SunTrust Robinson Humphrey"
Bluegreen Vacations,2017-11-16,$14.00,BXG,IPO,"Stifel, Credit Suisse Credit Suisse"
Presidio,2017-11-16,$14.25,PSDO,ADD-ON,"JP Morgan, Citigroup, RBC Capital Markets Credit Suisse"
Sterling Bancorp,2017-11-16,$12.00,SBT,IPO,Sandler O'Neill + Partners Sandler O'Neill + Partners
Everbridge,2017-11-15,$26.97,EVBG,ADD-ON,"BofA Merill Lynch, Credit Suisse Credit Suisse"
Floor & Decor Holdings,2017-11-15,$36.00,FND,ADD-ON,"BofA Merill Lynch, Barclays, Credit Suisse, UBS Credit Suisse"
Gardner Denver Holdings,2017-11-15,$27.25,GDI,ADD-ON,"Goldman Sachs, Citigroup, KKR KKR"
JELD-WEN Holding,2017-11-15,$33.75,JELD,ADD-ON,"Barclays, Citigroup, Credit Suisse, JP Morgan Credit Suisse"
Alnylam Pharmaceuticals,2017-11-13,$125.00,ALNY,ADD-ON,"Goldman Sachs, JP Morgan, Barclays Credit Suisse"
ATENTO,2017-11-09,$9.00,ATTO,ADD-ON,"Morgan Stanley, Credit Suisse, Itau BBA Credit Suisse"
PPDAI GROUP,2017-11-09,$13.00,PPDF,IPO,"Credit Suisse, Citigroup Credit Suisse"
Solaris Oilfield Infrastructure,2017-11-09,$15.75,SOI,IPO,"Credit Suisse, Goldman Sachs Credit Suisse"
Sogou,2017-11-08,$13.00,SOGO,IPO,"JP Morgan, Credit Suisse, Goldman Sachs, CICC Credit Suisse"
Allena Pharmaceuticals,2017-11-01,$14.00,ALNA,IPO,"Credit Suisse, Jefferies, Cowen and Company Credit Suisse"
Evoqua Water Technologies,2017-11-01,$18.00,AQUA,IPO,"Credit Suisse, JP Morgan, RBC Capital Markets Credit Suisse"
Intellia Therapeutics,2017-11-01,$24.00,NTLA,IPO,"Credit Suisse, Jefferies, Leerink Partners Credit Suisse"
Constellium,2017-10-31,$11.00,CSTM,ADD-ON,"Credit Suisse, Deutsche Bank Credit Suisse"
Merchants Bancorp,2017-10-26,$16.00,MBIN,IPO,"Sandler O'Neill + Partners, Stephens, Raymond James, SunTrust Robinson Humphrey SunTrust Robinson Humphrey"
NEXA RESOURCES,2017-10-26,$16.00,NEXA,IPO,"JP Morgan, BMO Capital Markets, Morgan Stanley, Credit Suisse Credit Suisse"
BP Midstream Partners LP,2017-10-25,$18.00,BPMP,IPO,"Citigroup, Goldman Sachs, Morgan Stanley Credit Suisse"
Camping World Holdings,2017-10-25,$40.50,CWH,ADD-ON,"Goldman Sachs, JP Morgan Credit Suisse"
National Vision Holdings,2017-10-25,$22.00,EYE,IPO,"BofA Merill Lynch, Goldman Sachs, Citigroup, KKR KKR"
Ignyta,2017-10-19,$16.00,RXDX,ADD-ON,"JP Morgan, Jefferies Cantor Fitzgerald"
RISE Education Cayman Ltd,2017-10-19,$14.50,REDU,IPO,"Morgan Stanley, Credit Suiise Credit Suisse"
Sea Limited,2017-10-19,$15.00,SE,IPO,"Goldman Sachs, Morgan Stanley, Credit Suisse Credit Suisse"
KMG Chemicals,2017-10-18,$54.00,KMG,ADD-ON,"Goldman Sachs, KeyBanc Capital Markets KeyBanc Capital Markets"
Qudian,2017-10-17,$24.00,QD,IPO,"Morgan Stanley, Credit Suisse, Citigroup, CICC Credit Suisse"
AnaptysBio,2017-10-12,$68.50,ANAB,ADD-ON,"Credit Suisse, Jefferies, Stifel Credit Suisse"
REV Group,2017-10-12,$27.25,REVG,ADD-ON,"Goldman Sachs, Morgan Stanley, Baird, Credit Suisse Credit Suisse"
Switch,2017-10-05,$17.00,SWCH,IPO,"Goldman Sachs, JP Morgan, BMO Capital Markets, Wells Fargo Credit Suisse"
CoStar Group,2017-09-28,$260.00,CSGP,ADD-ON,"JP Morgan, Goldman Sachs, Citigroup, BofA Merill Lynch, SunTrust Robinson Humphrey, Wells Fargo SunTrust Robinson Humphrey"
PQ Group Holdings,2017-09-28,$17.50,PQG,IPO,"Morgan Stanley, Goldman Sachs, Citigroup, Credit Suisse Credit Suisse"
Intra-Cellular Therapies,2017-09-27,$15.50,ITCI,ADD-ON,"JP Morgan, Leerink Partners Cantor Fitzgerald"
RYB Education,2017-09-26,$18.50,RYB,IPO,"Credit Suisse, Morgan Stanley Credit Suisse"
Beacon Roofing Supply,2017-09-20,$47.50,BECN,ADD-ON,"Citigroup, Wells Fargo Citigroup"
Oasis Midstream Partners,2017-09-20,$17.00,OMP,IPO,"Morgan Stanley, Citigroup, Wells Fargo Credit Suisse"
BEST,2017-09-19,$10.00,BSTI,IPO,"Citigroup, Credit Suisse, Goldman Sachs, JP Morgan, Deutsche Bank Credit Suisse"
Nabriva Therapeutics,2017-09-19,$8.50,NBRV,ADD-ON,"Morgan Stanley, BofA Merill Lynch Morgan Stanley"
Tremont Mortgage Trust,2017-09-14,$20.00,TRMT,IPO,"UBS, Citigroup, RBC Capital Markets UBS"
FIRST DATA,2017-09-13,$17.75,FDC,ADD-ON,"BofA Merrill Lynch, Citigroup, KKR KKR"
2U,2017-09-06,$49.00,TWOU,ADD-ON,"Goldman Sachs, Credit Suisse Credit Suisse"
Independence Realty Trust,2017-09-06,$9.25,IRT,ADD-ON,Citigroup Citigroup
YY,2017-08-15,$70.00,YY,ADD-ON,"Credit Suisse, Goldman Sachs, China Renaissance Credit Suisse"
Ranger Energy Services,2017-08-10,$14.50,RNGR,IPO,"Credit Suisse, Simmons, Wells Fargo Credit Suisse"
YogaWorks,2017-08-10,$5.50,YOGA,IPO,"Cowen and Company, Stephens, Guggenheim Securities Cowen and Company"
Dynavax Technologies,2017-08-09,$15.00,DVAX,ADD-ON,"Cowen and Company, RBC Capital Markets, William Blair SunTrust Robinson Humphrey"
Evolent Health,2017-08-08,$19.85,EVH,ADD-ON,"JP Morgan, Goldman Sachs SunTrust Robinson Humphrey"
McCormick & Company,2017-08-08,$90.50,MKC,ADD-ON,"BofA Merrill Lynch, Credit Suisse Credit Suisse"
Venator Materials,2017-08-02,$20.00,VNTR,IPO,"Citigroup, Goldman Sachs, BofA Merrill Lynch, JP Morgan SunTrust Robinson Humphrey"
Tetraphase Pharmaceuticals,2017-07-27,$6.50,TTPH,ADD-ON,"Piper Jaffray, BMO Capital Markets, Stifel SunTrust Robinson Humphrey"
Sarepta Therapeutics,2017-07-24,$42.50,SRPT,ADD-ON,"Goldman Sachs, JP Morgan, Credit Suisse Credit Suisse"
Community Healthcare Trust,2017-07-20,$23.45,CHCT,ADD-ON,"Sandler O'Neill + Partners, Evercore, SunTrust Robinson Humphrey SunTrust Robinson Humphrey"
Crown Castle International,2017-07-20,$96.00,CCI,ADD-ON,"Morgan Stanley, BofA Merrill Lynch, JP Morgan Morgan Stanley"
Floor & Decor Holdings,2017-07-19,$40.00,FND,ADD-ON,"BofA Merrill Lynch, Barclays, Credit Suisse, UBS Credit Suisse"
Inovio Pharmaceuticals,2017-07-19,$6.00,INO,ADD-ON,Citigroup Citigroup
USA Technologies,2017-07-19,$4.50,USAT,ADD-ON,William Blair William Blair
XPO LOGISTICS,2017-07-19,$60.50,XPO,ADD-ON,"Morgan Stanley, JP Morgan Morgan Stanley"
CymaBay Therapeutics,2017-07-18,$6.50,CBAY,ADD-ON,"Leerink Partners, Piper Jaffray, Cantor Fitzgerald Cantor Fitzgerald"
BBVA Banco Frances,2017-07-18,$15.85,BFR,ADD-ON,"Morgan Stanley, Citigroup Credit Suisse"
Arena Pharmaceuticals,2017-07-12,$24.00,ARNA,ADD-ON,"Citigroup, Leerink Partners, Cantor Fitzgerald, UBS Cantor Fitzgerald"
Minerva Neurosciences,2017-06-28,$7.75,NERV,ADD-ON,"Citigroup, Jefferies Citigroup"
Government Properties Income Trust,2017-06-28,$18.50,GOV,ADD-ON,"Citigroup, BofA Merrill Lynch, Morgan Stanley, UBS Citigroup"
Blue Apron,2017-06-28,$10.00,APRN,IPO,"Goldman Sachs, Morgan Stanley, Citigroup, Barclays SunTrust Robinson Humphrey"
Canada Goose Holdings,2017-06-27,$20.75,GOOS,ADD-ON,"CIBC, Credit Suisse, Goldman Sachs, RBC Capital Markets Credit Suisse"
Boston Omaha,2017-06-15,$13.00,BOMN,ADD-ON,Cowen and Company Cowen and Company
Athenex,2017-06-13,$11.00,ATNX,IPO,"Credit Suisse, Deutsche Bank, JP Morgan Credit Suisse"
CalAtlantic Group,2017-06-08,$34.25,CAA,ADD-ON,"Credit Suisse, JP Morgan Credit Suisse"
Athene Holding,2017-06-06,$49.00,ATH,ADD-ON,"Goldman Sachs, Barclays, Citigroup, Wells Fargo Credit Suisse"
GMS,2017-06-01,$33.00,GMS,ADD-ON,"Barclays, RBC Capital Markets, Credit Suisse Credit Suisse"
WideOpenWest,2017-05-24,$17.00,WOW,IPO,"UBS, Credit Suisse Credit Suisse"
MINDBODY,2017-05-24,$27.95,MB,ADD-ON,"JP Morgan, UBS, Jefferies, Credit Suisse Credit Suisse"
JELD-WEN Holding,2017-05-24,$30.75,JELD,ADD-ON,"Barclays, Citigroup Credit Suisse"
Camping World Holdings,2017-05-24,$27.75,CWH,ADD-ON,"Goldman Sachs, JP Morgan Credit Suisse"
Shopify,2017-05-18,$91.00,SHOP,ADD-ON,"Morgan Stanley, Credit Suisse Credit Suisse"
Liberty Media Corp,2017-05-18,$31.00,FWONK,ADD-ON,"Goldman Sachs, JP Morgan, Morgan Stanley, BofA Merrill Lynch, Barclays, Credit Suisse Credit Suisse"
Advanced Disposal Services,2017-05-17,$21.50,ADSW,ADD-ON,"UBS, Deutsche Bank, Morgan Stanley Credit Suisse"
Fogo De Chao,2017-05-11,$14.00,FOGO,ADD-ON,"Jefferies, JP Morgan, Credit Suisse, Piper Jaffray, RBC Capital Markets, Wells Fargo, Deutsche Bank, Macquarie Capital Credit Suisse"
Gardner Denver Holdings,2017-05-11,$20.00,GDI,IPO,"Goldman Sachs, Citigroup, UBS, KKR Credit Suisse"
Solaris Oilfield Infrastructure,2017-05-11,$12.00,SOI,IPO,"Credit Suisse, Goldman Sachs Credit Suisse"
US Foods Holding,2017-05-11,$28.25,USFD,ADD-ON,"Goldman Sachs, Morgan Stanley, JP Morgan Credit Suisse"
KKR Real Estate Finance Trust,2017-05-04,$20.50,KREF,IPO,"Wells Fargo, Morgan Stanley, KKR KKR"
Antero Midstream,2017-05-03,$23.50,AMGP,IPO,"Morgan Stanley, Barclays, JP Morgan Credit Suisse"
Milacron Holdings,2017-05-03,$17.20,MCRN,ADD-ON,"Credit Suisse, Barclays, Baird Credit Suisse"
Emerald Expositions Events,2017-04-27,$17.00,EEX,IPO,"BofA Merrill Lynch, Barclays, Goldman Sachs Credit Suisse"
China Rapid Finance,2017-04-27,$6.00,XRF,IPO,"Morgan Stanley, Credit Suisse, Jefferies Credit Suisse"
Zymeworks,2017-04-27,$13.00,ZYME,IPO,"Citigroup, Barclays, Wells Fargo Canaccord Genuity"
NCS Multistage Holdings,2017-04-27,$17.00,NCSM,IPO,"Credit Suisse, Citigroup, Wells Fargo Credit Suisse"
Verona Pharma,2017-04-26,$13.50,VRNA,IPO,"Jefferies, Stifel SunTrust Robinson Humphrey"
Floor & Decor Holdings,2017-04-26,$21.00,FND,IPO,"BofA Merrill Lynch, Barclays, Credit Suisse, UBS Credit Suisse"
Select Energy Services,2017-04-20,$14.00,WTTR,IPO,"Credit Suisse, FBR, Wells Fargo Credit Suisse"
Uniti Group,2017-04-19,$26.50,UNIT,ADD-ON,"Citigroup, JP Morgan, RBC Capital Markets, Barclays, BofA Merrill Lynch, Credit Suisse, Deutsche Bank, Goldman Sachs, Morgan Stanley Credit Suisse"
Warrior Met Coal,2017-04-12,$19.00,HCC,IPO,"Credit Suisse, Citigroup, Morgan Stanley Credit Suisse"
Hostess Brands,2017-04-12,$15.25,TWNK,ADD-ON,"Credit Suisse, Morgan Stanley Credit Suisse"
Banco Santander,2017-04-05,$8.09,BSBR,ADD-ON,"BofA Merrill Lynch, Credit Suisse, Santander Credit Suisse"
Everbridge,2017-04-05,$19.85,EVBG,ADD-ON,"Credit Suisse, BofA Merrill Lynch Credit Suisse"
Schneider National,2017-04-05,$19.00,SNDR,IPO,"Morgan Stanley, UBS Credit Suisse"
Athene Holding,2017-03-28,$48.50,ATH,ADD-ON,"Goldman Sachs, Barclays, Citigroup, Wells Fargo Credit Suisse"
Condor Hospitality Trust,2017-03-23,$10.50,CDOR,ADD-ON,"KeyBanc Capital Markets, Baird, Janney Montgomery Scott KeyBanc Capital Markets"
Cherry Hill Mortgage,2017-03-23,$16.50,CHMI,ADD-ON,"Morgan Stanley, Barclays, Citigroup, UBS UBS"
Bellicum Pharmaceuticals,2017-03-23,$12.00,BLCM,ADD-ON,"Citigroup, Jefferies Citigroup"
Keysight Technologies,2017-03-22,$35.00,KEYS,ADD-ON,"Goldman Sachs, BofA Merrill Lynch, Citigroup, BNP Paribas Credit Suisse"
LSC Communications,2017-03-22,$20.25,LKSD,ADD-ON,"Citigroup, BofA Merrill Lynch, JP Morgan, Wells Fargo Citigroup"
Valeritas Holdings,2017-03-22,$10.00,VLRX,ADD-ON,"Cowen and Company, Wedbush PacGrow Cowen and Company"
Tesla,2017-03-16,$262.00,TSLA,ADD-ON,"Goldman Sachs, Deutsche Bank, Citigroup, Morgan Stanley Credit Suisse"
ProPetro Holding,2017-03-16,$14.00,PUMP,IPO,"Goldman Sachs, Barclays Credit Suisse"
Canada Goose Holdings,2017-03-15,$12.78,GOOS,IPO,"CIBC, Credit Suisse, Goldman Sachs, RBC Capital Markets Credit Suisse"
Ardagh Group,2017-03-14,$19.00,ARD,IPO,"Citigroup, Deutsche Bank, Goldman Sachs Credit Suisse"
Presidio,2017-03-09,$14.00,PSDO,IPO,"JP Morgan, Citigroup Credit Suisse"
Cotiviti Holdings,2017-03-07,$36.00,COTV,ADD-ON,"Credit Suisse, Barclays Credit Suisse"
Snap,2017-03-01,$17.00,SNAP,IPO,"Morgan Stanley, Goldman Sachs, JP Morgan, Deutsche Bank Credit Suisse"
GMS,2017-02-22,$29.25,GMS,ADD-ON,"Barclays, Credit Suisse, RBC Capital Markets Credit Suisse"
Atkore International Group,2017-02-16,$25.00,ATKR,ADD-ON,"Credit Suisse, Deutsche Bank, JP Morgan, UBS Credit Suisse"
Clipper Realty,2017-02-09,$13.50,CLPR,IPO,"FBR, Raymond James FBR"
Ramaco Resources,2017-02-02,$13.50,METC,IPO,"Credit Suisse, Jefferies, BMO Capital Markets Credit Suisse"
Smart Sand,2017-02-01,$17.50,SND,ADD-ON,"Credit Suisse, Goldman Sachs Credit Suisse"
Taylor Morrison Home,2017-01-31,$19.00,TMHC,ADD-ON,"JP Morgan, Citigroup, Credit Suisse Credit Suisse"
Milacron Holdings,2017-01-31,$16.25,MCRN,ADD-ON,"BofA Merrill Lynch, Barclays, JP Morgan Credit Suisse"
Laureate Education,2017-01-31,$14.00,LAUR,IPO,"Credit Suisse, Morgan Stanley, Barclays Credit Suisse"
Invitation Homes,2017-01-31,$20.00,INVH,IPO,"Deutsche Bank, JP Morgan Credit Suisse"
First Hawaiian,2017-01-31,$32.00,FHB,ADD-ON,"Goldman Sachs, BofA Merrill Lynch, JP Morgan, BNP Paribas Credit Suisse"
New Residential Investments,2017-01-30,$15.00,NRZ,ADD-ON,"Citigroup, Barclays, BofA Merrill Lynch, Credit Suisse Credit Suisse"
Virtus Investment Partners,2017-01-26,$110.00,VRTS,ADD-ON,"Barclays, Morgan Stanley, JP Morgan, BofA Merrill Lynch Credit Suisse"
REV Group,2017-01-26,$22.00,REVG,IPO,"Goldman Sachs, Morgan Stanley, Baird Credit Suisse"
Jeld-Wen Holding,2017-01-26,$23.00,JELD,IPO,"Barclays, Citigroup, Credit Suisse, JP Morgan Credit Suisse"
Jagged Peak Energy,2017-01-26,$15.00,JAG,IPO,"Citigroup, Credit Suisse, JP Morgan Credit Suisse"
US Foods Holding,2017-01-25,$26.00,USFD,ADD-ON,"Goldman Sachs, Morgan Stanley, JP Morgan Credit Suisse"
ObsEva,2017-01-25,$15.00,OBSV,IPO,"Credit Suisse, Jefferies, Leerink Partners Credit Suisse"
AnaptysBio,2017-01-25,$15.00,ANAB,IPO,"Credit Suisse, Stifel Credit Suisse"
AdvancePierre Foods Holdings,2017-01-18,$27.00,APFH,ADD-ON,"Morgan Stanley, Credit Suisse, Barclays Credit Suisse"
OM Asset Management,2016-12-13,$14.25,OMAM,ADD-ON,"BofA Merrill Lynch, Morgan Stanley Credit Suisse"
Airgain,2016-12-08,$17.00,AIRG,ADD-ON,"Cowen and Company, William Blair, Northland Capital Markets Cowen and Company"
Athene Holding,2016-12-08,$40.00,ATH,IPO,"Goldman Sachs, Barclays, Citigroup, Wells Fargo Credit Suisse"
Atkore International,2016-12-07,$19.00,ATKR,ADD-ON,"Credit Suisse, Deutsche Bank, JP Morgan Credit Suisse"
Baozun,2016-12-07,$12.25,BZUN,ADD-ON,"Credit Suisse, Deutsche Bank, China Renaissance Credit Suisse"
Innovative Industrial Properties,2016-11-30,$20.00,IIPR,IPO,"Ladenburg Thalmann, Compass Point Ladenburg Thalmann"
ViaSat,2016-11-17,$69.74,VSAT,ADD-ON,"BofA Merrill Lynch, JP Morgan, Credit Suisse, Morgan Stanley Credit Suisse"
Veritiv,2016-11-17,$45.00,VRTV,ADD-ON,"BofA Merrill Lynch, SunTrust Robinson Humphrey, Wells Fargo SunTrust"
Smart Sand,2016-11-03,$11.00,SND,IPO,"Credit Suisse, Goldman Sachs Credit Suisse"
GDS Holdings,2016-11-01,$10.00,GDS,IPO,"Credit Suisse, JP Morgan Credit Suisse"
Acushnet Holdings,2016-10-27,$17.00,GOLF,IPO,"JP Morgan, Morgan Stanley Credit Suisse"
ZTO Express (Cayman),2016-10-26,$19.50,ZTO,IPO,"Morgan Stanley, Goldman Sachs Credit Suisse"
RA Pharmaceuticals,2016-10-25,$13.00,RARX,IPO,"Credit Suisse, Jefferies, BMO Capital Markets Credit Suisse"
Forterra,2016-10-19,$18.00,FRTA,IPO,"Goldman Sachs, Citigroup, Credit Suisse Credit Suisse"
Mammoth Energy Services,2016-10-13,$15.00,TUSK,IPO,"Credit Suisse, Barclays, Simmons Credit Suisse"
Extraction Oil & Gas,2016-10-11,$19.00,XOG,IPO,"Credit Suisse, Barclays, Goldman Sachs, Citigroup Credit Suisse"
Azure Power Global Limited,2016-10-11,$18.00,AZRE,IPO,"Barclays, Credit Suisse Credit Suisse"
Camping World Holdings,2016-10-06,$22.00,CWH,IPO,"Goldman Sachs, JP Morgan Credit Suisse"
Advanced Disposal Services,2016-10-05,$18.00,ADSW,IPO,"Deutsche Bank, Credit Suisse, Barclays Credit Suisse"
Independence Realty Trust,2016-09-29,$9.00,IRT,ADD-ON,Citigroup Citigroup
MedEquities Realty,2016-09-28,$12.00,MRT,IPO,FBR FBR
Fulgent Genetics,2016-09-28,$9.00,FLGT,IPO,"Credit Suisse, Piper Jaffray Credit Suisse"
MyoKardia,2016-09-27,$15.00,MYOK,ADD-ON,"Credit Suisse, Cowan and Company, BMO Capital Markets Credit Suisse"
Sarepta Therapeutics,2016-09-22,$59.75,SRPT,ADD-ON,"JP Morgan, Golman Sachs Credit Suisse"
AC Immune,2016-09-22,$11.00,ACIU,IPO,"Credit Suisse, Jefferies, Leerink Partners Credit Suisse"
Vimpelcom,2016-09-15,$3.50,VIP,ADD-ON,"Morgan Stanley, JP Morgan Credit Suisse"
Callidus Software,2016-09-15,$18.25,CALD,ADD-ON,"Piper Jaffray, Credit Suisse Credit Suisse"
Everbridge,2016-09-15,$12.00,EVBG,IPO,"Credit Suisse, BofA Merrill Lynch Credit Suisse"
Platform Specialty Products,2016-09-15,$8.25,PAH,ADD-ON,"Credit Suisse, Goldman Sachs, UBS Credit Suisse"
Proteostasis Therapeutics,2016-09-08,$13.00,PTI,ADD-ON,"Leerink Partners, RBC Capital Markets Leerink Partners"
Advanced Micro Devices,2016-09-08,$6.00,AMD,ADD-ON,"JP Morgan, Barclays, Credit Suisse Credit Suisse"
Shopify,2016-08-16,$38.25,SHOP,ADD-ON,"Morgan Stanley, Credit Suisse, RBC Capital Markets Credit Suisse"
Medpace Holdings,2016-08-10,$23.00,MEDP,IPO,"Jefferies, Credit Suisse Credit Suisse"
Cliffs Natural Resources,2016-08-10,$6.75,CLF,ADD-ON,"BofA Merrill Lynch, Credit Suisse, Goldman Sachs Credit Suisse"
Protagonist Therapeutics,2016-08-10,$12.00,PTGX,IPO,"Leerink Partners, Barclays, BMO Capital Markets Leerink Partners"
United States Steel Corporation,2016-08-09,$23.00,X,ADD-ON,"JP Morgan, Goldman Sachs Credit Suisse"
First Hawaiian,2016-08-03,$23.00,FHB,IPO,"Goldman Sachs, BofA Merrill Lynch, BNP Paribas Credit Suisse"
Viper Energy Partners,2016-07-26,$16.00,VNOM,ADD-ON,Credit Suisse Credit Suisse
Patheon N.V.,2016-07-20,$21.00,PTHN,IPO,"JP Morgan, Morgan Stanley, Jefferies, UBS Credit Suisse"
NCI Building Systems,2016-07-19,$16.15,NCS,ADD-ON,"Credit Suisse, Citigroup, RBC Capital Markets, UBS Credit Suisse"
Ryerson Holding Corporation,2016-07-19,$15.25,RYI,ADD-ON,"JP Morgan, Deutsche Bank, BMO Capital Markets, Goldman Sachs, Jefferies Credit Suisse"
AdvancePierre Foods Holdings,2016-07-13,$21.00,APFH,IPO,"Barclays, Credit Suisse, Morgan Stanley Credit Suisse"
Tesaro,2016-06-30,$81.00,TSRO,ADD-ON,"Citigroup, Leerink Partners Credit Suisse"
Syros Pharmaceuticals,2016-06-29,$12.50,SYRS,IPO,"Cowen and Company, Piper Jaffray Cowen and Company"
Planet Fitness,2016-06-22,$16.50,PLNT,ADD-ON,"JP Morgan, BofA Merrill Lynch, Jefferies, Guggenheim Securities Credit Suisse"
Viveve Medical,2016-06-13,$5.00,VIVE,IPO,"Ladenburg Thalmann, Craig-Hallum Capital Group Ladenburg Thalmann"
Atkore International,2016-06-09,$16.00,ATKR,IPO,"Credit Suisse, Deutsche Bank, JP Morgan Credit Suisse"
China Online Education,2016-06-09,$19.00,COE,IPO,"Morgan Stanley, Credit Suisse Credit Suisse"
Ollie's Bargain Outlet Holdings,2016-06-06,$25.00,OLLI,ADD-ON,"JP Morgan, Jefferies, BofA Merrill Lynch Credit Suisse"
Multi Packaging Solutions International,2016-06-02,$14.50,MPSX,ADD-ON,"BofA Merrill Lynch, Barclays, Citigroup Credit Suisse"
Clearside Biomedical,2016-06-01,$7.00,CLSD,IPO,"Cowen and Company, Stifel Cowen and Company"
US Foods,2016-05-25,$23.00,USFD,IPO,"Goldman Sachs, Morgan Stanley, JP Morgan Credit Suisse"
Cotiviti Holdings,2016-05-25,$19.00,COTV,IPO,"Goldman Sachs, JP Morgan Credit Suisse"
GMS,2016-05-25,$21.00,GMS,IPO,"Barclays, Credit Suisse Credit Suisse"
Amplify Snack Brands,2016-05-19,$11.25,BETR,ADD-ON,"Goldman Sachs, Jefferies, Credit Suisse, SunTrust Robinson Humphrey Credit Suisse"
Sovran Self Storage,2016-05-19,$100.00,SSS,ADD-ON,"Wells Fargo, Citigroup, SunTrust Robinson Humphrey SunTrust"
BMC Stock Holdings,2016-05-18,$17.00,STCK,ADD-ON,"Barclays, Credit Suisse Credit Suisse"
Performance Food Group,2016-05-18,$24.25,PFGC,ADD-ON,"Credit Suisse, Barclays Credit Suisse"
Digital Realty Trust,2016-05-16,$96.00,DLR,ADD-ON,"BofA Merrill Lynch, Citigroup, JP Morgan Credit Suisse"
Turning Point Brands,2016-05-10,$10.00,TPB,IPO,"Cowen and Company, FBR Cowen and Company"
Intellia Therapeutics,2016-05-05,$18.00,NTLA,IPO,"Credit Suisse, Jefferies, Leerink Partners Credit Suisse"
Synergy Resources Corporation,2016-05-04,$5.80,SYRG,ADD-ON,Credit Suisse Credit Suisse
Red Rock Resorts,2016-04-26,$19.50,RRR,IPO,"Deutsche Bank, JP Morgan, BofA Merrill Lynch, Goldman Sachs Credit Suisse"
SecureWorks,2016-04-21,$14.00,SCWX,IPO,"BofA Merrill Lynch, Morgan Stanley, Goldman Sachs, JP Morgan Credit Suisse"
American Renal Associates Holdings,2016-04-20,$22.00,ARA,IPO,"BofA Merrill Lynch, Barclays, Goldman Sachs, Wells Fargo, SunTrust Robinson Humphrey SunTrust"
Bats Global Markets,2016-04-14,$19.00,BATS,IPO,"Morgan Stanley, Citigroup Credit Suisse"
Sportsman's Warehouse Holdings,2016-04-12,$11.25,SPWH,ADD-ON,"Credit Suisse, Goldman Sachs Credit Suisse"
Mercury Systems,2016-04-07,$19.00,MRCY,ADD-ON,"Citigroup, BofA Merrill Lynch, KeyBanc Capital Markets Citigroup"
Community Healthcare Trust,2016-04-06,$17.75,CHCT,ADD-ON,"Sandler O'Neill + Partners, Evercore, SunTrust Robinson Humphrey, BB&T Capital Markets, Janney Montgomery Scott, Oppenheimer & Co SunTrust"
Gaming and Leisure Properties,2016-03-31,$30.00,GLPI,ADD-ON,"BofA Merrill Lynch, JP Morgan, Wells Fargo SunTrust"
City Office,2016-03-30,$11.40,CIO,ADD-ON,Deutsche Bank Deutsche Bank
Corvus Pharmaceuticals,2016-03-22,$15.00,CRVS,IPO,"Credit Suisse, Cowen & Company, Guggenheim Securities Credit Suisse"
Senseonics Holdings,2016-03-17,$2.85,SENS,IPO,"Leerink Partners, Canaccord Genuity Leerink Partners"
Baxalta,2016-03-16,$37.75,BXLT,ADD-ON,"JP Morgan, BofA Merrill Lynch, Credit Suisse, UBS Credit Suisse"
TransUnion,2016-03-08,$25.00,TRU,ADD-ON,"Goldman Sachs, JP Morgan, BofA Merrill Lynch, Deutsche Bank Credit Suisse"
Duke Energy,2016-03-01,$72.00,DUK,ADD-ON,"Barclays, BofA Merrill Lynch, Citigroup, JP Morgan, Wells Fargo Credit Suisse"
Ollie's Bargain Outlet Holdings,2016-02-18,$19.75,OLLI,ADD-ON,"JP Morgan, Jefferies, BofA Merrill Lynch Credit Suisse"
Hortonworks,2016-02-01,$9.50,HDP,ADD-ON,"Goldman Sachs, Credit Suisse, RBC Capital Markets Credit Suisse"
TreeHouse Foods,2016-01-20,$65.00,THS,ADD-ON,"BofA Merrill Lynch, JP Morgan, Wells Fargo, BMO Capital Markets, SunTrust Robinson Humphrey Credit Suisse"
Adamas Pharmaceuticals,2016-01-06,$23.00,ADMS,ADD-ON,"Cowen and Company, Piper Jaffray Cowen and Company"
